rank,expanded_case_id,dataset,question_id,method,method_label,figure_path,image_name,image_path,prompt,ground_truth,prediction,layer2_raw_selected_patch_count,layer2_unique_patch_count,layer6_raw_selected_patch_count,layer6_unique_patch_count,layer15_raw_selected_patch_count,layer15_unique_patch_count,visualization_note
1,GQA_05832509,gqa,05832509,sparse,SparseVLM-Original-64,outputs/stage7/figures/0001_GQA_05832509_sparse_sparsevlm_style.png,2375704.jpg,data/kaggle_datasets/GQA/images/2375704.jpg,What is on the blue sign?,letters,Garage,66,66,26,26,14,14,SparseVLM-paper-style faded mask using explicit retained original-patch indices from layer_token_stats; merged/recycled tokens are not shown.
1,GQA_05832509,gqa,05832509,ours,Ours-64,outputs/stage7/figures/0001_GQA_05832509_ours_sparsevlm_style.png,2375704.jpg,data/kaggle_datasets/GQA/images/2375704.jpg,What is on the blue sign?,letters,Letters,66,66,24,24,15,15,SparseVLM-paper-style faded mask using explicit retained original-patch indices from layer_token_stats; merged/recycled tokens are not shown.
1,GQA_05832509,gqa,05832509,threshold,Threshold-Fixed-64,outputs/stage7/figures/0001_GQA_05832509_threshold_sparsevlm_style.png,2375704.jpg,data/kaggle_datasets/GQA/images/2375704.jpg,What is on the blue sign?,letters,Letter,66,66,23,23,12,12,SparseVLM-paper-style faded mask using explicit retained original-patch indices from layer_token_stats; merged/recycled tokens are not shown.
7,GQA_14796654,gqa,14796654,sparse,SparseVLM-Original-64,outputs/stage7/figures/0007_GQA_14796654_sparse_sparsevlm_style.png,2409083.jpg,data/kaggle_datasets/GQA/images/2409083.jpg,What are the tan clothing items?,shorts,Pants,66,66,26,26,14,14,SparseVLM-paper-style faded mask using explicit retained original-patch indices from layer_token_stats; merged/recycled tokens are not shown.
7,GQA_14796654,gqa,14796654,ours,Ours-64,outputs/stage7/figures/0007_GQA_14796654_ours_sparsevlm_style.png,2409083.jpg,data/kaggle_datasets/GQA/images/2409083.jpg,What are the tan clothing items?,shorts,Shorts,66,66,27,27,16,16,SparseVLM-paper-style faded mask using explicit retained original-patch indices from layer_token_stats; merged/recycled tokens are not shown.
7,GQA_14796654,gqa,14796654,threshold,Threshold-Fixed-64,outputs/stage7/figures/0007_GQA_14796654_threshold_sparsevlm_style.png,2409083.jpg,data/kaggle_datasets/GQA/images/2409083.jpg,What are the tan clothing items?,shorts,Pants,66,66,27,27,15,15,SparseVLM-paper-style faded mask using explicit retained original-patch indices from layer_token_stats; merged/recycled tokens are not shown.
14,GQA_171019332,gqa,171019332,sparse,SparseVLM-Original-64,outputs/stage7/figures/0014_GQA_171019332_sparse_sparsevlm_style.png,2344169.jpg,data/kaggle_datasets/GQA/images/2344169.jpg,What color does the jacket the man is wearing have?,gray,White,66,66,24,24,15,15,SparseVLM-paper-style faded mask using explicit retained original-patch indices from layer_token_stats; merged/recycled tokens are not shown.
14,GQA_171019332,gqa,171019332,ours,Ours-64,outputs/stage7/figures/0014_GQA_171019332_ours_sparsevlm_style.png,2344169.jpg,data/kaggle_datasets/GQA/images/2344169.jpg,What color does the jacket the man is wearing have?,gray,Gray,66,66,26,26,13,13,SparseVLM-paper-style faded mask using explicit retained original-patch indices from layer_token_stats; merged/recycled tokens are not shown.
14,GQA_171019332,gqa,171019332,threshold,Threshold-Fixed-64,outputs/stage7/figures/0014_GQA_171019332_threshold_sparsevlm_style.png,2344169.jpg,data/kaggle_datasets/GQA/images/2344169.jpg,What color does the jacket the man is wearing have?,gray,White,66,66,26,26,15,15,SparseVLM-paper-style faded mask using explicit retained original-patch indices from layer_token_stats; merged/recycled tokens are not shown.
20,GQA_09270639,gqa,09270639,sparse,SparseVLM-Original-64,outputs/stage7/figures/0020_GQA_09270639_sparse_sparsevlm_style.png,2367964.jpg,data/kaggle_datasets/GQA/images/2367964.jpg,What is the fruit to the right of the child that is not old?,orange,Banana,66,66,23,23,11,11,SparseVLM-paper-style faded mask using explicit retained original-patch indices from layer_token_stats; merged/recycled tokens are not shown.
20,GQA_09270639,gqa,09270639,ours,Ours-64,outputs/stage7/figures/0020_GQA_09270639_ours_sparsevlm_style.png,2367964.jpg,data/kaggle_datasets/GQA/images/2367964.jpg,What is the fruit to the right of the child that is not old?,orange,Orange,66,66,24,24,15,15,SparseVLM-paper-style faded mask using explicit retained original-patch indices from layer_token_stats; merged/recycled tokens are not shown.
20,GQA_09270639,gqa,09270639,threshold,Threshold-Fixed-64,outputs/stage7/figures/0020_GQA_09270639_threshold_sparsevlm_style.png,2367964.jpg,data/kaggle_datasets/GQA/images/2367964.jpg,What is the fruit to the right of the child that is not old?,orange,Banana,66,66,26,26,14,14,SparseVLM-paper-style faded mask using explicit retained original-patch indices from layer_token_stats; merged/recycled tokens are not shown.
23,GQA_121053041,gqa,121053041,sparse,SparseVLM-Original-64,outputs/stage7/figures/0023_GQA_121053041_sparse_sparsevlm_style.png,2361696.jpg,data/kaggle_datasets/GQA/images/2361696.jpg,Is the iron fence in the bottom part or in the top of the picture?,top,Bottom,66,66,24,24,13,13,SparseVLM-paper-style faded mask using explicit retained original-patch indices from layer_token_stats; merged/recycled tokens are not shown.
23,GQA_121053041,gqa,121053041,ours,Ours-64,outputs/stage7/figures/0023_GQA_121053041_ours_sparsevlm_style.png,2361696.jpg,data/kaggle_datasets/GQA/images/2361696.jpg,Is the iron fence in the bottom part or in the top of the picture?,top,Top,66,66,29,29,16,16,SparseVLM-paper-style faded mask using explicit retained original-patch indices from layer_token_stats; merged/recycled tokens are not shown.
23,GQA_121053041,gqa,121053041,threshold,Threshold-Fixed-64,outputs/stage7/figures/0023_GQA_121053041_threshold_sparsevlm_style.png,2361696.jpg,data/kaggle_datasets/GQA/images/2361696.jpg,Is the iron fence in the bottom part or in the top of the picture?,top,Bottom,66,66,29,29,17,17,SparseVLM-paper-style faded mask using explicit retained original-patch indices from layer_token_stats; merged/recycled tokens are not shown.
27,GQA_04897435,gqa,04897435,sparse,SparseVLM-Original-64,outputs/stage7/figures/0027_GQA_04897435_sparse_sparsevlm_style.png,2399886.jpg,data/kaggle_datasets/GQA/images/2399886.jpg,Is the pastry to the right or to the left of the white plate?,left,Right,66,66,29,29,16,16,SparseVLM-paper-style faded mask using explicit retained original-patch indices from layer_token_stats; merged/recycled tokens are not shown.
27,GQA_04897435,gqa,04897435,ours,Ours-64,outputs/stage7/figures/0027_GQA_04897435_ours_sparsevlm_style.png,2399886.jpg,data/kaggle_datasets/GQA/images/2399886.jpg,Is the pastry to the right or to the left of the white plate?,left,Left,66,66,28,28,16,16,SparseVLM-paper-style faded mask using explicit retained original-patch indices from layer_token_stats; merged/recycled tokens are not shown.
27,GQA_04897435,gqa,04897435,threshold,Threshold-Fixed-64,outputs/stage7/figures/0027_GQA_04897435_threshold_sparsevlm_style.png,2399886.jpg,data/kaggle_datasets/GQA/images/2399886.jpg,Is the pastry to the right or to the left of the white plate?,left,Right,66,66,27,27,14,14,SparseVLM-paper-style faded mask using explicit retained original-patch indices from layer_token_stats; merged/recycled tokens are not shown.
31,POPE_adversarial_287,pope,adversarial_287,sparse,SparseVLM-Original-64,outputs/stage7/figures/0031_POPE_adversarial_287_sparse_sparsevlm_style.png,COCO_val2014_000000329717.jpg,data/kaggle_datasets/POPE/val2014/COCO_val2014_000000329717.jpg,Is there a handbag in the image?,yes,no,66,66,25,25,16,16,SparseVLM-paper-style faded mask using explicit retained original-patch indices from layer_token_stats; merged/recycled tokens are not shown.
31,POPE_adversarial_287,pope,adversarial_287,ours,Ours-64,outputs/stage7/figures/0031_POPE_adversarial_287_ours_sparsevlm_style.png,COCO_val2014_000000329717.jpg,data/kaggle_datasets/POPE/val2014/COCO_val2014_000000329717.jpg,Is there a handbag in the image?,yes,yes,66,66,25,25,16,16,SparseVLM-paper-style faded mask using explicit retained original-patch indices from layer_token_stats; merged/recycled tokens are not shown.
31,POPE_adversarial_287,pope,adversarial_287,threshold,Threshold-Fixed-64,outputs/stage7/figures/0031_POPE_adversarial_287_threshold_sparsevlm_style.png,COCO_val2014_000000329717.jpg,data/kaggle_datasets/POPE/val2014/COCO_val2014_000000329717.jpg,Is there a handbag in the image?,yes,no,66,66,26,26,16,16,SparseVLM-paper-style faded mask using explicit retained original-patch indices from layer_token_stats; merged/recycled tokens are not shown.
32,POPE_popular_287,pope,popular_287,sparse,SparseVLM-Original-64,outputs/stage7/figures/0032_POPE_popular_287_sparse_sparsevlm_style.png,COCO_val2014_000000329717.jpg,data/kaggle_datasets/POPE/val2014/COCO_val2014_000000329717.jpg,Is there a handbag in the image?,yes,no,66,66,25,25,16,16,SparseVLM-paper-style faded mask using explicit retained original-patch indices from layer_token_stats; merged/recycled tokens are not shown.
32,POPE_popular_287,pope,popular_287,ours,Ours-64,outputs/stage7/figures/0032_POPE_popular_287_ours_sparsevlm_style.png,COCO_val2014_000000329717.jpg,data/kaggle_datasets/POPE/val2014/COCO_val2014_000000329717.jpg,Is there a handbag in the image?,yes,yes,66,66,25,25,16,16,SparseVLM-paper-style faded mask using explicit retained original-patch indices from layer_token_stats; merged/recycled tokens are not shown.
32,POPE_popular_287,pope,popular_287,threshold,Threshold-Fixed-64,outputs/stage7/figures/0032_POPE_popular_287_threshold_sparsevlm_style.png,COCO_val2014_000000329717.jpg,data/kaggle_datasets/POPE/val2014/COCO_val2014_000000329717.jpg,Is there a handbag in the image?,yes,no,66,66,26,26,16,16,SparseVLM-paper-style faded mask using explicit retained original-patch indices from layer_token_stats; merged/recycled tokens are not shown.
33,POPE_random_272,pope,random_272,sparse,SparseVLM-Original-64,outputs/stage7/figures/0033_POPE_random_272_sparse_sparsevlm_style.png,COCO_val2014_000000329717.jpg,data/kaggle_datasets/POPE/val2014/COCO_val2014_000000329717.jpg,Is there a handbag in the image?,yes,no,66,66,25,25,16,16,SparseVLM-paper-style faded mask using explicit retained original-patch indices from layer_token_stats; merged/recycled tokens are not shown.
33,POPE_random_272,pope,random_272,ours,Ours-64,outputs/stage7/figures/0033_POPE_random_272_ours_sparsevlm_style.png,COCO_val2014_000000329717.jpg,data/kaggle_datasets/POPE/val2014/COCO_val2014_000000329717.jpg,Is there a handbag in the image?,yes,yes,66,66,25,25,16,16,SparseVLM-paper-style faded mask using explicit retained original-patch indices from layer_token_stats; merged/recycled tokens are not shown.
33,POPE_random_272,pope,random_272,threshold,Threshold-Fixed-64,outputs/stage7/figures/0033_POPE_random_272_threshold_sparsevlm_style.png,COCO_val2014_000000329717.jpg,data/kaggle_datasets/POPE/val2014/COCO_val2014_000000329717.jpg,Is there a handbag in the image?,yes,no,66,66,26,26,16,16,SparseVLM-paper-style faded mask using explicit retained original-patch indices from layer_token_stats; merged/recycled tokens are not shown.
35,GQA_13904299,gqa,13904299,sparse,SparseVLM-Original-64,outputs/stage7/figures/0035_GQA_13904299_sparse_sparsevlm_style.png,498121.jpg,data/kaggle_datasets/GQA/images/498121.jpg,Is the yellow bag to the right of a man?,no,Yes,66,66,26,26,15,15,SparseVLM-paper-style faded mask using explicit retained original-patch indices from layer_token_stats; merged/recycled tokens are not shown.
35,GQA_13904299,gqa,13904299,ours,Ours-64,outputs/stage7/figures/0035_GQA_13904299_ours_sparsevlm_style.png,498121.jpg,data/kaggle_datasets/GQA/images/498121.jpg,Is the yellow bag to the right of a man?,no,No,66,66,25,25,13,13,SparseVLM-paper-style faded mask using explicit retained original-patch indices from layer_token_stats; merged/recycled tokens are not shown.
35,GQA_13904299,gqa,13904299,threshold,Threshold-Fixed-64,outputs/stage7/figures/0035_GQA_13904299_threshold_sparsevlm_style.png,498121.jpg,data/kaggle_datasets/GQA/images/498121.jpg,Is the yellow bag to the right of a man?,no,Yes,66,66,27,27,17,17,SparseVLM-paper-style faded mask using explicit retained original-patch indices from layer_token_stats; merged/recycled tokens are not shown.
40,GQA_08591059,gqa,08591059,sparse,SparseVLM-Original-64,outputs/stage7/figures/0040_GQA_08591059_sparse_sparsevlm_style.png,2410307.jpg,data/kaggle_datasets/GQA/images/2410307.jpg,What type of device is to the right of the coffee cup?,phone,Television,66,66,26,26,15,15,SparseVLM-paper-style faded mask using explicit retained original-patch indices from layer_token_stats; merged/recycled tokens are not shown.
40,GQA_08591059,gqa,08591059,ours,Ours-64,outputs/stage7/figures/0040_GQA_08591059_ours_sparsevlm_style.png,2410307.jpg,data/kaggle_datasets/GQA/images/2410307.jpg,What type of device is to the right of the coffee cup?,phone,Phone,66,66,24,24,12,12,SparseVLM-paper-style faded mask using explicit retained original-patch indices from layer_token_stats; merged/recycled tokens are not shown.
40,GQA_08591059,gqa,08591059,threshold,Threshold-Fixed-64,outputs/stage7/figures/0040_GQA_08591059_threshold_sparsevlm_style.png,2410307.jpg,data/kaggle_datasets/GQA/images/2410307.jpg,What type of device is to the right of the coffee cup?,phone,Television,66,66,24,24,11,11,SparseVLM-paper-style faded mask using explicit retained original-patch indices from layer_token_stats; merged/recycled tokens are not shown.
41,GQA_12889581,gqa,12889581,sparse,SparseVLM-Original-64,outputs/stage7/figures/0041_GQA_12889581_sparse_sparsevlm_style.png,2397488.jpg,data/kaggle_datasets/GQA/images/2397488.jpg,Is the woman to the left or to the right of the vehicle that the bicycle is in front of?,left,Right,66,66,23,23,12,12,SparseVLM-paper-style faded mask using explicit retained original-patch indices from layer_token_stats; merged/recycled tokens are not shown.
41,GQA_12889581,gqa,12889581,ours,Ours-64,outputs/stage7/figures/0041_GQA_12889581_ours_sparsevlm_style.png,2397488.jpg,data/kaggle_datasets/GQA/images/2397488.jpg,Is the woman to the left or to the right of the vehicle that the bicycle is in front of?,left,Left,66,66,27,27,15,15,SparseVLM-paper-style faded mask using explicit retained original-patch indices from layer_token_stats; merged/recycled tokens are not shown.
41,GQA_12889581,gqa,12889581,threshold,Threshold-Fixed-64,outputs/stage7/figures/0041_GQA_12889581_threshold_sparsevlm_style.png,2397488.jpg,data/kaggle_datasets/GQA/images/2397488.jpg,Is the woman to the left or to the right of the vehicle that the bicycle is in front of?,left,Right,66,66,25,25,13,13,SparseVLM-paper-style faded mask using explicit retained original-patch indices from layer_token_stats; merged/recycled tokens are not shown.
44,GQA_08948215,gqa,08948215,sparse,SparseVLM-Original-64,outputs/stage7/figures/0044_GQA_08948215_sparse_sparsevlm_style.png,2343937.jpg,data/kaggle_datasets/GQA/images/2343937.jpg,Does the fire hydrant have a different color than the chain?,yes,No,66,66,29,29,16,16,SparseVLM-paper-style faded mask using explicit retained original-patch indices from layer_token_stats; merged/recycled tokens are not shown.
44,GQA_08948215,gqa,08948215,ours,Ours-64,outputs/stage7/figures/0044_GQA_08948215_ours_sparsevlm_style.png,2343937.jpg,data/kaggle_datasets/GQA/images/2343937.jpg,Does the fire hydrant have a different color than the chain?,yes,Yes,66,66,24,24,13,13,SparseVLM-paper-style faded mask using explicit retained original-patch indices from layer_token_stats; merged/recycled tokens are not shown.
44,GQA_08948215,gqa,08948215,threshold,Threshold-Fixed-64,outputs/stage7/figures/0044_GQA_08948215_threshold_sparsevlm_style.png,2343937.jpg,data/kaggle_datasets/GQA/images/2343937.jpg,Does the fire hydrant have a different color than the chain?,yes,No,66,66,25,25,14,14,SparseVLM-paper-style faded mask using explicit retained original-patch indices from layer_token_stats; merged/recycled tokens are not shown.
45,GQA_09720875,gqa,09720875,sparse,SparseVLM-Original-64,outputs/stage7/figures/0045_GQA_09720875_sparse_sparsevlm_style.png,2368297.jpg,data/kaggle_datasets/GQA/images/2368297.jpg,Do you see any shelves to the left of the clock in the top of the image?,yes,No,66,66,23,23,14,14,SparseVLM-paper-style faded mask using explicit retained original-patch indices from layer_token_stats; merged/recycled tokens are not shown.
45,GQA_09720875,gqa,09720875,ours,Ours-64,outputs/stage7/figures/0045_GQA_09720875_ours_sparsevlm_style.png,2368297.jpg,data/kaggle_datasets/GQA/images/2368297.jpg,Do you see any shelves to the left of the clock in the top of the image?,yes,Yes,66,66,26,26,15,15,SparseVLM-paper-style faded mask using explicit retained original-patch indices from layer_token_stats; merged/recycled tokens are not shown.
45,GQA_09720875,gqa,09720875,threshold,Threshold-Fixed-64,outputs/stage7/figures/0045_GQA_09720875_threshold_sparsevlm_style.png,2368297.jpg,data/kaggle_datasets/GQA/images/2368297.jpg,Do you see any shelves to the left of the clock in the top of the image?,yes,No,66,66,25,25,14,14,SparseVLM-paper-style faded mask using explicit retained original-patch indices from layer_token_stats; merged/recycled tokens are not shown.
46,GQA_08470583,gqa,08470583,sparse,SparseVLM-Original-64,outputs/stage7/figures/0046_GQA_08470583_sparse_sparsevlm_style.png,2386200.jpg,data/kaggle_datasets/GQA/images/2386200.jpg,What is the name of the watercraft in the still water?,sailboat,Boats,66,66,26,26,16,16,SparseVLM-paper-style faded mask using explicit retained original-patch indices from layer_token_stats; merged/recycled tokens are not shown.
46,GQA_08470583,gqa,08470583,ours,Ours-64,outputs/stage7/figures/0046_GQA_08470583_ours_sparsevlm_style.png,2386200.jpg,data/kaggle_datasets/GQA/images/2386200.jpg,What is the name of the watercraft in the still water?,sailboat,Sailboat,66,66,23,23,16,16,SparseVLM-paper-style faded mask using explicit retained original-patch indices from layer_token_stats; merged/recycled tokens are not shown.
46,GQA_08470583,gqa,08470583,threshold,Threshold-Fixed-64,outputs/stage7/figures/0046_GQA_08470583_threshold_sparsevlm_style.png,2386200.jpg,data/kaggle_datasets/GQA/images/2386200.jpg,What is the name of the watercraft in the still water?,sailboat,Boats,66,66,27,27,15,15,SparseVLM-paper-style faded mask using explicit retained original-patch indices from layer_token_stats; merged/recycled tokens are not shown.
50,GQA_00665875,gqa,00665875,sparse,SparseVLM-Original-64,outputs/stage7/figures/0050_GQA_00665875_sparse_sparsevlm_style.png,2317322.jpg,data/kaggle_datasets/GQA/images/2317322.jpg,How is the vegetable that is lying on top of the plate called?,potato,Carrot,66,66,27,27,15,15,SparseVLM-paper-style faded mask using explicit retained original-patch indices from layer_token_stats; merged/recycled tokens are not shown.
50,GQA_00665875,gqa,00665875,ours,Ours-64,outputs/stage7/figures/0050_GQA_00665875_ours_sparsevlm_style.png,2317322.jpg,data/kaggle_datasets/GQA/images/2317322.jpg,How is the vegetable that is lying on top of the plate called?,potato,Potato,66,66,26,26,16,16,SparseVLM-paper-style faded mask using explicit retained original-patch indices from layer_token_stats; merged/recycled tokens are not shown.
50,GQA_00665875,gqa,00665875,threshold,Threshold-Fixed-64,outputs/stage7/figures/0050_GQA_00665875_threshold_sparsevlm_style.png,2317322.jpg,data/kaggle_datasets/GQA/images/2317322.jpg,How is the vegetable that is lying on top of the plate called?,potato,Carrot,66,66,26,26,16,16,SparseVLM-paper-style faded mask using explicit retained original-patch indices from layer_token_stats; merged/recycled tokens are not shown.
54,GQA_07886813,gqa,07886813,sparse,SparseVLM-Original-64,outputs/stage7/figures/0054_GQA_07886813_sparse_sparsevlm_style.png,85.jpg,data/kaggle_datasets/GQA/images/85.jpg,Which color is the television that is in the middle of the picture?,gray,Silver,66,66,29,29,17,17,SparseVLM-paper-style faded mask using explicit retained original-patch indices from layer_token_stats; merged/recycled tokens are not shown.
54,GQA_07886813,gqa,07886813,ours,Ours-64,outputs/stage7/figures/0054_GQA_07886813_ours_sparsevlm_style.png,85.jpg,data/kaggle_datasets/GQA/images/85.jpg,Which color is the television that is in the middle of the picture?,gray,Gray,66,66,29,29,16,16,SparseVLM-paper-style faded mask using explicit retained original-patch indices from layer_token_stats; merged/recycled tokens are not shown.
54,GQA_07886813,gqa,07886813,threshold,Threshold-Fixed-64,outputs/stage7/figures/0054_GQA_07886813_threshold_sparsevlm_style.png,85.jpg,data/kaggle_datasets/GQA/images/85.jpg,Which color is the television that is in the middle of the picture?,gray,Silver,66,66,30,30,17,17,SparseVLM-paper-style faded mask using explicit retained original-patch indices from layer_token_stats; merged/recycled tokens are not shown.
55,GQA_16208191,gqa,16208191,sparse,SparseVLM-Original-64,outputs/stage7/figures/0055_GQA_16208191_sparse_sparsevlm_style.png,2338510.jpg,data/kaggle_datasets/GQA/images/2338510.jpg,What type of appliance is on the counter?,microwave,Refrigerator,66,66,25,25,16,16,SparseVLM-paper-style faded mask using explicit retained original-patch indices from layer_token_stats; merged/recycled tokens are not shown.
55,GQA_16208191,gqa,16208191,ours,Ours-64,outputs/stage7/figures/0055_GQA_16208191_ours_sparsevlm_style.png,2338510.jpg,data/kaggle_datasets/GQA/images/2338510.jpg,What type of appliance is on the counter?,microwave,Microwave,66,66,25,25,17,17,SparseVLM-paper-style faded mask using explicit retained original-patch indices from layer_token_stats; merged/recycled tokens are not shown.
55,GQA_16208191,gqa,16208191,threshold,Threshold-Fixed-64,outputs/stage7/figures/0055_GQA_16208191_threshold_sparsevlm_style.png,2338510.jpg,data/kaggle_datasets/GQA/images/2338510.jpg,What type of appliance is on the counter?,microwave,Refrigerator,66,66,27,27,16,16,SparseVLM-paper-style faded mask using explicit retained original-patch indices from layer_token_stats; merged/recycled tokens are not shown.
58,GQA_03992241,gqa,03992241,sparse,SparseVLM-Original-64,outputs/stage7/figures/0058_GQA_03992241_sparse_sparsevlm_style.png,4101.jpg,data/kaggle_datasets/GQA/images/4101.jpg,Is the chair in the bottom or in the top part of the image?,bottom,Top,66,66,26,26,16,16,SparseVLM-paper-style faded mask using explicit retained original-patch indices from layer_token_stats; merged/recycled tokens are not shown.
58,GQA_03992241,gqa,03992241,ours,Ours-64,outputs/stage7/figures/0058_GQA_03992241_ours_sparsevlm_style.png,4101.jpg,data/kaggle_datasets/GQA/images/4101.jpg,Is the chair in the bottom or in the top part of the image?,bottom,Bottom,66,66,26,26,16,16,SparseVLM-paper-style faded mask using explicit retained original-patch indices from layer_token_stats; merged/recycled tokens are not shown.
58,GQA_03992241,gqa,03992241,threshold,Threshold-Fixed-64,outputs/stage7/figures/0058_GQA_03992241_threshold_sparsevlm_style.png,4101.jpg,data/kaggle_datasets/GQA/images/4101.jpg,Is the chair in the bottom or in the top part of the image?,bottom,Top,66,66,25,25,15,15,SparseVLM-paper-style faded mask using explicit retained original-patch indices from layer_token_stats; merged/recycled tokens are not shown.
59,GQA_05831816,gqa,05831816,sparse,SparseVLM-Original-64,outputs/stage7/figures/0059_GQA_05831816_sparse_sparsevlm_style.png,2410522.jpg,data/kaggle_datasets/GQA/images/2410522.jpg,What material makes up the utensil to the right of the food?,plastic,Metal,66,66,28,28,16,16,SparseVLM-paper-style faded mask using explicit retained original-patch indices from layer_token_stats; merged/recycled tokens are not shown.
59,GQA_05831816,gqa,05831816,ours,Ours-64,outputs/stage7/figures/0059_GQA_05831816_ours_sparsevlm_style.png,2410522.jpg,data/kaggle_datasets/GQA/images/2410522.jpg,What material makes up the utensil to the right of the food?,plastic,Plastic,66,66,27,27,16,16,SparseVLM-paper-style faded mask using explicit retained original-patch indices from layer_token_stats; merged/recycled tokens are not shown.
59,GQA_05831816,gqa,05831816,threshold,Threshold-Fixed-64,outputs/stage7/figures/0059_GQA_05831816_threshold_sparsevlm_style.png,2410522.jpg,data/kaggle_datasets/GQA/images/2410522.jpg,What material makes up the utensil to the right of the food?,plastic,Metal,66,66,25,25,14,14,SparseVLM-paper-style faded mask using explicit retained original-patch indices from layer_token_stats; merged/recycled tokens are not shown.
66,GQA_17786365,gqa,17786365,sparse,SparseVLM-Original-64,outputs/stage7/figures/0066_GQA_17786365_sparse_sparsevlm_style.png,2352226.jpg,data/kaggle_datasets/GQA/images/2352226.jpg,What is the blue towel hanging on?,stove,Oven,66,66,24,24,16,16,SparseVLM-paper-style faded mask using explicit retained original-patch indices from layer_token_stats; merged/recycled tokens are not shown.
66,GQA_17786365,gqa,17786365,ours,Ours-64,outputs/stage7/figures/0066_GQA_17786365_ours_sparsevlm_style.png,2352226.jpg,data/kaggle_datasets/GQA/images/2352226.jpg,What is the blue towel hanging on?,stove,Stove,66,66,24,24,15,15,SparseVLM-paper-style faded mask using explicit retained original-patch indices from layer_token_stats; merged/recycled tokens are not shown.
66,GQA_17786365,gqa,17786365,threshold,Threshold-Fixed-64,outputs/stage7/figures/0066_GQA_17786365_threshold_sparsevlm_style.png,2352226.jpg,data/kaggle_datasets/GQA/images/2352226.jpg,What is the blue towel hanging on?,stove,Oven,66,66,24,24,17,17,SparseVLM-paper-style faded mask using explicit retained original-patch indices from layer_token_stats; merged/recycled tokens are not shown.
67,GQA_03472445,gqa,03472445,sparse,SparseVLM-Original-64,outputs/stage7/figures/0067_GQA_03472445_sparse_sparsevlm_style.png,2363794.jpg,data/kaggle_datasets/GQA/images/2363794.jpg,What color do you think the counter has?,white,Black,66,66,23,23,14,14,SparseVLM-paper-style faded mask using explicit retained original-patch indices from layer_token_stats; merged/recycled tokens are not shown.
67,GQA_03472445,gqa,03472445,ours,Ours-64,outputs/stage7/figures/0067_GQA_03472445_ours_sparsevlm_style.png,2363794.jpg,data/kaggle_datasets/GQA/images/2363794.jpg,What color do you think the counter has?,white,White,66,66,26,26,14,14,SparseVLM-paper-style faded mask using explicit retained original-patch indices from layer_token_stats; merged/recycled tokens are not shown.
67,GQA_03472445,gqa,03472445,threshold,Threshold-Fixed-64,outputs/stage7/figures/0067_GQA_03472445_threshold_sparsevlm_style.png,2363794.jpg,data/kaggle_datasets/GQA/images/2363794.jpg,What color do you think the counter has?,white,Black,66,66,27,27,15,15,SparseVLM-paper-style faded mask using explicit retained original-patch indices from layer_token_stats; merged/recycled tokens are not shown.
69,GQA_03104844,gqa,03104844,sparse,SparseVLM-Original-64,outputs/stage7/figures/0069_GQA_03104844_sparse_sparsevlm_style.png,2317561.jpg,data/kaggle_datasets/GQA/images/2317561.jpg,Is the telephone to the left of a keyboard?,yes,No,66,66,25,25,12,12,SparseVLM-paper-style faded mask using explicit retained original-patch indices from layer_token_stats; merged/recycled tokens are not shown.
69,GQA_03104844,gqa,03104844,ours,Ours-64,outputs/stage7/figures/0069_GQA_03104844_ours_sparsevlm_style.png,2317561.jpg,data/kaggle_datasets/GQA/images/2317561.jpg,Is the telephone to the left of a keyboard?,yes,Yes,66,66,25,25,13,13,SparseVLM-paper-style faded mask using explicit retained original-patch indices from layer_token_stats; merged/recycled tokens are not shown.
69,GQA_03104844,gqa,03104844,threshold,Threshold-Fixed-64,outputs/stage7/figures/0069_GQA_03104844_threshold_sparsevlm_style.png,2317561.jpg,data/kaggle_datasets/GQA/images/2317561.jpg,Is the telephone to the left of a keyboard?,yes,No,66,66,24,24,15,15,SparseVLM-paper-style faded mask using explicit retained original-patch indices from layer_token_stats; merged/recycled tokens are not shown.
71,GQA_14768956,gqa,14768956,sparse,SparseVLM-Original-64,outputs/stage7/figures/0071_GQA_14768956_sparse_sparsevlm_style.png,2396253.jpg,data/kaggle_datasets/GQA/images/2396253.jpg,Is the man to the left or to the right of the bike that is on the bench?,left,Right,66,66,29,29,17,17,SparseVLM-paper-style faded mask using explicit retained original-patch indices from layer_token_stats; merged/recycled tokens are not shown.
71,GQA_14768956,gqa,14768956,ours,Ours-64,outputs/stage7/figures/0071_GQA_14768956_ours_sparsevlm_style.png,2396253.jpg,data/kaggle_datasets/GQA/images/2396253.jpg,Is the man to the left or to the right of the bike that is on the bench?,left,Left,66,66,27,27,16,16,SparseVLM-paper-style faded mask using explicit retained original-patch indices from layer_token_stats; merged/recycled tokens are not shown.
71,GQA_14768956,gqa,14768956,threshold,Threshold-Fixed-64,outputs/stage7/figures/0071_GQA_14768956_threshold_sparsevlm_style.png,2396253.jpg,data/kaggle_datasets/GQA/images/2396253.jpg,Is the man to the left or to the right of the bike that is on the bench?,left,Right,66,66,28,28,17,17,SparseVLM-paper-style faded mask using explicit retained original-patch indices from layer_token_stats; merged/recycled tokens are not shown.
86,GQA_06122733,gqa,06122733,sparse,SparseVLM-Original-64,outputs/stage7/figures/0086_GQA_06122733_sparse_sparsevlm_style.png,2395059.jpg,data/kaggle_datasets/GQA/images/2395059.jpg,What device is in the drawer?,keyboard,Laptop,66,66,25,25,13,13,SparseVLM-paper-style faded mask using explicit retained original-patch indices from layer_token_stats; merged/recycled tokens are not shown.
86,GQA_06122733,gqa,06122733,ours,Ours-64,outputs/stage7/figures/0086_GQA_06122733_ours_sparsevlm_style.png,2395059.jpg,data/kaggle_datasets/GQA/images/2395059.jpg,What device is in the drawer?,keyboard,Keyboard,66,66,25,25,15,15,SparseVLM-paper-style faded mask using explicit retained original-patch indices from layer_token_stats; merged/recycled tokens are not shown.
86,GQA_06122733,gqa,06122733,threshold,Threshold-Fixed-64,outputs/stage7/figures/0086_GQA_06122733_threshold_sparsevlm_style.png,2395059.jpg,data/kaggle_datasets/GQA/images/2395059.jpg,What device is in the drawer?,keyboard,Computer,66,66,27,27,16,16,SparseVLM-paper-style faded mask using explicit retained original-patch indices from layer_token_stats; merged/recycled tokens are not shown.
95,GQA_02309173,gqa,02309173,sparse,SparseVLM-Original-64,outputs/stage7/figures/0095_GQA_02309173_sparse_sparsevlm_style.png,2336064.jpg,data/kaggle_datasets/GQA/images/2336064.jpg,"On which side of the photo is the screen, the right or the left?",left,Right,66,66,28,28,16,16,SparseVLM-paper-style faded mask using explicit retained original-patch indices from layer_token_stats; merged/recycled tokens are not shown.
95,GQA_02309173,gqa,02309173,ours,Ours-64,outputs/stage7/figures/0095_GQA_02309173_ours_sparsevlm_style.png,2336064.jpg,data/kaggle_datasets/GQA/images/2336064.jpg,"On which side of the photo is the screen, the right or the left?",left,Left,66,66,28,28,15,15,SparseVLM-paper-style faded mask using explicit retained original-patch indices from layer_token_stats; merged/recycled tokens are not shown.
95,GQA_02309173,gqa,02309173,threshold,Threshold-Fixed-64,outputs/stage7/figures/0095_GQA_02309173_threshold_sparsevlm_style.png,2336064.jpg,data/kaggle_datasets/GQA/images/2336064.jpg,"On which side of the photo is the screen, the right or the left?",left,Right,66,66,29,29,17,17,SparseVLM-paper-style faded mask using explicit retained original-patch indices from layer_token_stats; merged/recycled tokens are not shown.
98,GQA_04354321,gqa,04354321,sparse,SparseVLM-Original-64,outputs/stage7/figures/0098_GQA_04354321_sparse_sparsevlm_style.png,2396447.jpg,data/kaggle_datasets/GQA/images/2396447.jpg,Does the plate to the left of the bowl look white and small?,yes,No,66,66,26,26,16,16,SparseVLM-paper-style faded mask using explicit retained original-patch indices from layer_token_stats; merged/recycled tokens are not shown.
98,GQA_04354321,gqa,04354321,ours,Ours-64,outputs/stage7/figures/0098_GQA_04354321_ours_sparsevlm_style.png,2396447.jpg,data/kaggle_datasets/GQA/images/2396447.jpg,Does the plate to the left of the bowl look white and small?,yes,Yes,66,66,26,26,14,14,SparseVLM-paper-style faded mask using explicit retained original-patch indices from layer_token_stats; merged/recycled tokens are not shown.
98,GQA_04354321,gqa,04354321,threshold,Threshold-Fixed-64,outputs/stage7/figures/0098_GQA_04354321_threshold_sparsevlm_style.png,2396447.jpg,data/kaggle_datasets/GQA/images/2396447.jpg,Does the plate to the left of the bowl look white and small?,yes,No,66,66,29,29,16,16,SparseVLM-paper-style faded mask using explicit retained original-patch indices from layer_token_stats; merged/recycled tokens are not shown.
99,GQA_19321644,gqa,19321644,sparse,SparseVLM-Original-64,outputs/stage7/figures/0099_GQA_19321644_sparse_sparsevlm_style.png,2340236.jpg,data/kaggle_datasets/GQA/images/2340236.jpg,What color is the mat?,green,Black,66,66,27,27,15,15,SparseVLM-paper-style faded mask using explicit retained original-patch indices from layer_token_stats; merged/recycled tokens are not shown.
99,GQA_19321644,gqa,19321644,ours,Ours-64,outputs/stage7/figures/0099_GQA_19321644_ours_sparsevlm_style.png,2340236.jpg,data/kaggle_datasets/GQA/images/2340236.jpg,What color is the mat?,green,Green,66,66,26,26,15,15,SparseVLM-paper-style faded mask using explicit retained original-patch indices from layer_token_stats; merged/recycled tokens are not shown.
99,GQA_19321644,gqa,19321644,threshold,Threshold-Fixed-64,outputs/stage7/figures/0099_GQA_19321644_threshold_sparsevlm_style.png,2340236.jpg,data/kaggle_datasets/GQA/images/2340236.jpg,What color is the mat?,green,Black,66,66,28,28,16,16,SparseVLM-paper-style faded mask using explicit retained original-patch indices from layer_token_stats; merged/recycled tokens are not shown.
107,GQA_13711591,gqa,13711591,sparse,SparseVLM-Original-64,outputs/stage7/figures/0107_GQA_13711591_sparse_sparsevlm_style.png,2375467.jpg,data/kaggle_datasets/GQA/images/2375467.jpg,How is the vehicle that is the same color as the sign on the pole called?,truck,Car,66,66,23,23,13,13,SparseVLM-paper-style faded mask using explicit retained original-patch indices from layer_token_stats; merged/recycled tokens are not shown.
107,GQA_13711591,gqa,13711591,ours,Ours-64,outputs/stage7/figures/0107_GQA_13711591_ours_sparsevlm_style.png,2375467.jpg,data/kaggle_datasets/GQA/images/2375467.jpg,How is the vehicle that is the same color as the sign on the pole called?,truck,Truck,66,66,27,27,14,14,SparseVLM-paper-style faded mask using explicit retained original-patch indices from layer_token_stats; merged/recycled tokens are not shown.
107,GQA_13711591,gqa,13711591,threshold,Threshold-Fixed-64,outputs/stage7/figures/0107_GQA_13711591_threshold_sparsevlm_style.png,2375467.jpg,data/kaggle_datasets/GQA/images/2375467.jpg,How is the vehicle that is the same color as the sign on the pole called?,truck,Car,66,66,27,27,16,16,SparseVLM-paper-style faded mask using explicit retained original-patch indices from layer_token_stats; merged/recycled tokens are not shown.
112,GQA_19459620,gqa,19459620,sparse,SparseVLM-Original-64,outputs/stage7/figures/0112_GQA_19459620_sparse_sparsevlm_style.png,61584.jpg,data/kaggle_datasets/GQA/images/61584.jpg,Is the car to the right or to the left of the people?,left,Right,66,66,24,24,11,11,SparseVLM-paper-style faded mask using explicit retained original-patch indices from layer_token_stats; merged/recycled tokens are not shown.
112,GQA_19459620,gqa,19459620,ours,Ours-64,outputs/stage7/figures/0112_GQA_19459620_ours_sparsevlm_style.png,61584.jpg,data/kaggle_datasets/GQA/images/61584.jpg,Is the car to the right or to the left of the people?,left,Left,66,66,25,25,15,15,SparseVLM-paper-style faded mask using explicit retained original-patch indices from layer_token_stats; merged/recycled tokens are not shown.
112,GQA_19459620,gqa,19459620,threshold,Threshold-Fixed-64,outputs/stage7/figures/0112_GQA_19459620_threshold_sparsevlm_style.png,61584.jpg,data/kaggle_datasets/GQA/images/61584.jpg,Is the car to the right or to the left of the people?,left,Right,66,66,24,24,13,13,SparseVLM-paper-style faded mask using explicit retained original-patch indices from layer_token_stats; merged/recycled tokens are not shown.
115,GQA_10926906,gqa,10926906,sparse,SparseVLM-Original-64,outputs/stage7/figures/0115_GQA_10926906_sparse_sparsevlm_style.png,2365501.jpg,data/kaggle_datasets/GQA/images/2365501.jpg,What type of fruit is to the right of the orange?,strawberry,Watermelon,66,66,26,26,16,16,SparseVLM-paper-style faded mask using explicit retained original-patch indices from layer_token_stats; merged/recycled tokens are not shown.
115,GQA_10926906,gqa,10926906,ours,Ours-64,outputs/stage7/figures/0115_GQA_10926906_ours_sparsevlm_style.png,2365501.jpg,data/kaggle_datasets/GQA/images/2365501.jpg,What type of fruit is to the right of the orange?,strawberry,Strawberry,66,66,27,27,16,16,SparseVLM-paper-style faded mask using explicit retained original-patch indices from layer_token_stats; merged/recycled tokens are not shown.
115,GQA_10926906,gqa,10926906,threshold,Threshold-Fixed-64,outputs/stage7/figures/0115_GQA_10926906_threshold_sparsevlm_style.png,2365501.jpg,data/kaggle_datasets/GQA/images/2365501.jpg,What type of fruit is to the right of the orange?,strawberry,Melon,66,66,26,26,15,15,SparseVLM-paper-style faded mask using explicit retained original-patch indices from layer_token_stats; merged/recycled tokens are not shown.
126,GQA_08235774,gqa,08235774,sparse,SparseVLM-Original-64,outputs/stage7/figures/0126_GQA_08235774_sparse_sparsevlm_style.png,2413608.jpg,data/kaggle_datasets/GQA/images/2413608.jpg,What is on the wall?,television,Fireplace,66,66,24,24,14,14,SparseVLM-paper-style faded mask using explicit retained original-patch indices from layer_token_stats; merged/recycled tokens are not shown.
126,GQA_08235774,gqa,08235774,ours,Ours-64,outputs/stage7/figures/0126_GQA_08235774_ours_sparsevlm_style.png,2413608.jpg,data/kaggle_datasets/GQA/images/2413608.jpg,What is on the wall?,television,Television,66,66,24,24,15,15,SparseVLM-paper-style faded mask using explicit retained original-patch indices from layer_token_stats; merged/recycled tokens are not shown.
126,GQA_08235774,gqa,08235774,threshold,Threshold-Fixed-64,outputs/stage7/figures/0126_GQA_08235774_threshold_sparsevlm_style.png,2413608.jpg,data/kaggle_datasets/GQA/images/2413608.jpg,What is on the wall?,television,Fireplace,66,66,24,24,13,13,SparseVLM-paper-style faded mask using explicit retained original-patch indices from layer_token_stats; merged/recycled tokens are not shown.
132,GQA_07477538,gqa,07477538,sparse,SparseVLM-Original-64,outputs/stage7/figures/0132_GQA_07477538_sparse_sparsevlm_style.png,2415946.jpg,data/kaggle_datasets/GQA/images/2415946.jpg,Are there men to the right of the player in the center of the picture?,yes,No,66,66,28,28,17,17,SparseVLM-paper-style faded mask using explicit retained original-patch indices from layer_token_stats; merged/recycled tokens are not shown.
132,GQA_07477538,gqa,07477538,ours,Ours-64,outputs/stage7/figures/0132_GQA_07477538_ours_sparsevlm_style.png,2415946.jpg,data/kaggle_datasets/GQA/images/2415946.jpg,Are there men to the right of the player in the center of the picture?,yes,Yes,66,66,27,27,16,16,SparseVLM-paper-style faded mask using explicit retained original-patch indices from layer_token_stats; merged/recycled tokens are not shown.
132,GQA_07477538,gqa,07477538,threshold,Threshold-Fixed-64,outputs/stage7/figures/0132_GQA_07477538_threshold_sparsevlm_style.png,2415946.jpg,data/kaggle_datasets/GQA/images/2415946.jpg,Are there men to the right of the player in the center of the picture?,yes,Yes,66,66,29,29,16,16,SparseVLM-paper-style faded mask using explicit retained original-patch indices from layer_token_stats; merged/recycled tokens are not shown.
136,GQA_09836438,gqa,09836438,sparse,SparseVLM-Original-64,outputs/stage7/figures/0136_GQA_09836438_sparse_sparsevlm_style.png,2401166.jpg,data/kaggle_datasets/GQA/images/2401166.jpg,What is the man doing?,eating,Drinking,66,66,24,24,13,13,SparseVLM-paper-style faded mask using explicit retained original-patch indices from layer_token_stats; merged/recycled tokens are not shown.
136,GQA_09836438,gqa,09836438,ours,Ours-64,outputs/stage7/figures/0136_GQA_09836438_ours_sparsevlm_style.png,2401166.jpg,data/kaggle_datasets/GQA/images/2401166.jpg,What is the man doing?,eating,Eating,66,66,23,23,13,13,SparseVLM-paper-style faded mask using explicit retained original-patch indices from layer_token_stats; merged/recycled tokens are not shown.
136,GQA_09836438,gqa,09836438,threshold,Threshold-Fixed-64,outputs/stage7/figures/0136_GQA_09836438_threshold_sparsevlm_style.png,2401166.jpg,data/kaggle_datasets/GQA/images/2401166.jpg,What is the man doing?,eating,Eating,66,66,22,22,12,12,SparseVLM-paper-style faded mask using explicit retained original-patch indices from layer_token_stats; merged/recycled tokens are not shown.
137,GQA_171054014,gqa,171054014,sparse,SparseVLM-Original-64,outputs/stage7/figures/0137_GQA_171054014_sparse_sparsevlm_style.png,713692.jpg,data/kaggle_datasets/GQA/images/713692.jpg,Are there toys on the floor?,yes,No,66,66,25,25,16,16,SparseVLM-paper-style faded mask using explicit retained original-patch indices from layer_token_stats; merged/recycled tokens are not shown.
137,GQA_171054014,gqa,171054014,ours,Ours-64,outputs/stage7/figures/0137_GQA_171054014_ours_sparsevlm_style.png,713692.jpg,data/kaggle_datasets/GQA/images/713692.jpg,Are there toys on the floor?,yes,Yes,66,66,23,23,15,15,SparseVLM-paper-style faded mask using explicit retained original-patch indices from layer_token_stats; merged/recycled tokens are not shown.
137,GQA_171054014,gqa,171054014,threshold,Threshold-Fixed-64,outputs/stage7/figures/0137_GQA_171054014_threshold_sparsevlm_style.png,713692.jpg,data/kaggle_datasets/GQA/images/713692.jpg,Are there toys on the floor?,yes,Yes,66,66,26,26,14,14,SparseVLM-paper-style faded mask using explicit retained original-patch indices from layer_token_stats; merged/recycled tokens are not shown.
143,GQA_07383471,gqa,07383471,sparse,SparseVLM-Original-64,outputs/stage7/figures/0143_GQA_07383471_sparse_sparsevlm_style.png,2342945.jpg,data/kaggle_datasets/GQA/images/2342945.jpg,Does the device that is not turned-off look black?,yes,No,66,66,25,25,16,16,SparseVLM-paper-style faded mask using explicit retained original-patch indices from layer_token_stats; merged/recycled tokens are not shown.
143,GQA_07383471,gqa,07383471,ours,Ours-64,outputs/stage7/figures/0143_GQA_07383471_ours_sparsevlm_style.png,2342945.jpg,data/kaggle_datasets/GQA/images/2342945.jpg,Does the device that is not turned-off look black?,yes,Yes,66,66,24,24,13,13,SparseVLM-paper-style faded mask using explicit retained original-patch indices from layer_token_stats; merged/recycled tokens are not shown.
143,GQA_07383471,gqa,07383471,threshold,Threshold-Fixed-64,outputs/stage7/figures/0143_GQA_07383471_threshold_sparsevlm_style.png,2342945.jpg,data/kaggle_datasets/GQA/images/2342945.jpg,Does the device that is not turned-off look black?,yes,Yes,66,66,25,25,15,15,SparseVLM-paper-style faded mask using explicit retained original-patch indices from layer_token_stats; merged/recycled tokens are not shown.
148,GQA_11546593,gqa,11546593,sparse,SparseVLM-Original-64,outputs/stage7/figures/0148_GQA_11546593_sparse_sparsevlm_style.png,2380112.jpg,data/kaggle_datasets/GQA/images/2380112.jpg,Is the person to the right of the people wearing a helmet?,yes,No,66,66,25,25,13,13,SparseVLM-paper-style faded mask using explicit retained original-patch indices from layer_token_stats; merged/recycled tokens are not shown.
148,GQA_11546593,gqa,11546593,ours,Ours-64,outputs/stage7/figures/0148_GQA_11546593_ours_sparsevlm_style.png,2380112.jpg,data/kaggle_datasets/GQA/images/2380112.jpg,Is the person to the right of the people wearing a helmet?,yes,Yes,66,66,24,24,15,15,SparseVLM-paper-style faded mask using explicit retained original-patch indices from layer_token_stats; merged/recycled tokens are not shown.
148,GQA_11546593,gqa,11546593,threshold,Threshold-Fixed-64,outputs/stage7/figures/0148_GQA_11546593_threshold_sparsevlm_style.png,2380112.jpg,data/kaggle_datasets/GQA/images/2380112.jpg,Is the person to the right of the people wearing a helmet?,yes,Yes,66,66,26,26,14,14,SparseVLM-paper-style faded mask using explicit retained original-patch indices from layer_token_stats; merged/recycled tokens are not shown.
149,GQA_022324,gqa,022324,sparse,SparseVLM-Original-64,outputs/stage7/figures/0149_GQA_022324_sparse_sparsevlm_style.png,2318349.jpg,data/kaggle_datasets/GQA/images/2318349.jpg,On which side of the picture is the leather bag?,right,Left,66,66,29,29,16,16,SparseVLM-paper-style faded mask using explicit retained original-patch indices from layer_token_stats; merged/recycled tokens are not shown.
149,GQA_022324,gqa,022324,ours,Ours-64,outputs/stage7/figures/0149_GQA_022324_ours_sparsevlm_style.png,2318349.jpg,data/kaggle_datasets/GQA/images/2318349.jpg,On which side of the picture is the leather bag?,right,Right,66,66,28,28,16,16,SparseVLM-paper-style faded mask using explicit retained original-patch indices from layer_token_stats; merged/recycled tokens are not shown.
149,GQA_022324,gqa,022324,threshold,Threshold-Fixed-64,outputs/stage7/figures/0149_GQA_022324_threshold_sparsevlm_style.png,2318349.jpg,data/kaggle_datasets/GQA/images/2318349.jpg,On which side of the picture is the leather bag?,right,Right,66,66,29,29,16,16,SparseVLM-paper-style faded mask using explicit retained original-patch indices from layer_token_stats; merged/recycled tokens are not shown.
150,GQA_08161588,gqa,08161588,sparse,SparseVLM-Original-64,outputs/stage7/figures/0150_GQA_08161588_sparse_sparsevlm_style.png,2361664.jpg,data/kaggle_datasets/GQA/images/2361664.jpg,Which side of the picture is the umbrella on?,right,Left,66,66,27,27,16,16,SparseVLM-paper-style faded mask using explicit retained original-patch indices from layer_token_stats; merged/recycled tokens are not shown.
150,GQA_08161588,gqa,08161588,ours,Ours-64,outputs/stage7/figures/0150_GQA_08161588_ours_sparsevlm_style.png,2361664.jpg,data/kaggle_datasets/GQA/images/2361664.jpg,Which side of the picture is the umbrella on?,right,Right,66,66,28,28,16,16,SparseVLM-paper-style faded mask using explicit retained original-patch indices from layer_token_stats; merged/recycled tokens are not shown.
150,GQA_08161588,gqa,08161588,threshold,Threshold-Fixed-64,outputs/stage7/figures/0150_GQA_08161588_threshold_sparsevlm_style.png,2361664.jpg,data/kaggle_datasets/GQA/images/2361664.jpg,Which side of the picture is the umbrella on?,right,Right,66,66,29,29,16,16,SparseVLM-paper-style faded mask using explicit retained original-patch indices from layer_token_stats; merged/recycled tokens are not shown.
151,GQA_0984602,gqa,0984602,sparse,SparseVLM-Original-64,outputs/stage7/figures/0151_GQA_0984602_sparse_sparsevlm_style.png,2350369.jpg,data/kaggle_datasets/GQA/images/2350369.jpg,What is in the bowl made of metal?,broccoli,Food,66,66,27,27,17,17,SparseVLM-paper-style faded mask using explicit retained original-patch indices from layer_token_stats; merged/recycled tokens are not shown.
151,GQA_0984602,gqa,0984602,ours,Ours-64,outputs/stage7/figures/0151_GQA_0984602_ours_sparsevlm_style.png,2350369.jpg,data/kaggle_datasets/GQA/images/2350369.jpg,What is in the bowl made of metal?,broccoli,Broccoli,66,66,25,25,15,15,SparseVLM-paper-style faded mask using explicit retained original-patch indices from layer_token_stats; merged/recycled tokens are not shown.
151,GQA_0984602,gqa,0984602,threshold,Threshold-Fixed-64,outputs/stage7/figures/0151_GQA_0984602_threshold_sparsevlm_style.png,2350369.jpg,data/kaggle_datasets/GQA/images/2350369.jpg,What is in the bowl made of metal?,broccoli,Broccoli,66,66,27,27,14,14,SparseVLM-paper-style faded mask using explicit retained original-patch indices from layer_token_stats; merged/recycled tokens are not shown.
155,GQA_08830310,gqa,08830310,sparse,SparseVLM-Original-64,outputs/stage7/figures/0155_GQA_08830310_sparse_sparsevlm_style.png,2354268.jpg,data/kaggle_datasets/GQA/images/2354268.jpg,Is the car to the left or to the right of the person in the middle of the photo?,left,Right,66,66,26,26,16,16,SparseVLM-paper-style faded mask using explicit retained original-patch indices from layer_token_stats; merged/recycled tokens are not shown.
155,GQA_08830310,gqa,08830310,ours,Ours-64,outputs/stage7/figures/0155_GQA_08830310_ours_sparsevlm_style.png,2354268.jpg,data/kaggle_datasets/GQA/images/2354268.jpg,Is the car to the left or to the right of the person in the middle of the photo?,left,Left,66,66,26,26,15,15,SparseVLM-paper-style faded mask using explicit retained original-patch indices from layer_token_stats; merged/recycled tokens are not shown.
155,GQA_08830310,gqa,08830310,threshold,Threshold-Fixed-64,outputs/stage7/figures/0155_GQA_08830310_threshold_sparsevlm_style.png,2354268.jpg,data/kaggle_datasets/GQA/images/2354268.jpg,Is the car to the left or to the right of the person in the middle of the photo?,left,Left,66,66,26,26,14,14,SparseVLM-paper-style faded mask using explicit retained original-patch indices from layer_token_stats; merged/recycled tokens are not shown.
160,GQA_03177807,gqa,03177807,sparse,SparseVLM-Original-64,outputs/stage7/figures/0160_GQA_03177807_sparse_sparsevlm_style.png,2413296.jpg,data/kaggle_datasets/GQA/images/2413296.jpg,What animal is eating the cake?,dog,Cat,66,66,26,26,16,16,SparseVLM-paper-style faded mask using explicit retained original-patch indices from layer_token_stats; merged/recycled tokens are not shown.
160,GQA_03177807,gqa,03177807,ours,Ours-64,outputs/stage7/figures/0160_GQA_03177807_ours_sparsevlm_style.png,2413296.jpg,data/kaggle_datasets/GQA/images/2413296.jpg,What animal is eating the cake?,dog,Dog,66,66,23,23,14,14,SparseVLM-paper-style faded mask using explicit retained original-patch indices from layer_token_stats; merged/recycled tokens are not shown.
160,GQA_03177807,gqa,03177807,threshold,Threshold-Fixed-64,outputs/stage7/figures/0160_GQA_03177807_threshold_sparsevlm_style.png,2413296.jpg,data/kaggle_datasets/GQA/images/2413296.jpg,What animal is eating the cake?,dog,Dog,66,66,26,26,15,15,SparseVLM-paper-style faded mask using explicit retained original-patch indices from layer_token_stats; merged/recycled tokens are not shown.
162,GQA_1390641,gqa,1390641,sparse,SparseVLM-Original-64,outputs/stage7/figures/0162_GQA_1390641_sparse_sparsevlm_style.png,2335723.jpg,data/kaggle_datasets/GQA/images/2335723.jpg,What vehicle is it?,truck,Car,66,66,27,27,16,16,SparseVLM-paper-style faded mask using explicit retained original-patch indices from layer_token_stats; merged/recycled tokens are not shown.
162,GQA_1390641,gqa,1390641,ours,Ours-64,outputs/stage7/figures/0162_GQA_1390641_ours_sparsevlm_style.png,2335723.jpg,data/kaggle_datasets/GQA/images/2335723.jpg,What vehicle is it?,truck,Truck,66,66,23,23,14,14,SparseVLM-paper-style faded mask using explicit retained original-patch indices from layer_token_stats; merged/recycled tokens are not shown.
162,GQA_1390641,gqa,1390641,threshold,Threshold-Fixed-64,outputs/stage7/figures/0162_GQA_1390641_threshold_sparsevlm_style.png,2335723.jpg,data/kaggle_datasets/GQA/images/2335723.jpg,What vehicle is it?,truck,Truck,66,66,25,25,14,14,SparseVLM-paper-style faded mask using explicit retained original-patch indices from layer_token_stats; merged/recycled tokens are not shown.
165,GQA_02594994,gqa,02594994,sparse,SparseVLM-Original-64,outputs/stage7/figures/0165_GQA_02594994_sparse_sparsevlm_style.png,2364312.jpg,data/kaggle_datasets/GQA/images/2364312.jpg,Does the sweatshirt look black?,no,Yes,66,66,21,21,11,11,SparseVLM-paper-style faded mask using explicit retained original-patch indices from layer_token_stats; merged/recycled tokens are not shown.
165,GQA_02594994,gqa,02594994,ours,Ours-64,outputs/stage7/figures/0165_GQA_02594994_ours_sparsevlm_style.png,2364312.jpg,data/kaggle_datasets/GQA/images/2364312.jpg,Does the sweatshirt look black?,no,No,66,66,25,25,14,14,SparseVLM-paper-style faded mask using explicit retained original-patch indices from layer_token_stats; merged/recycled tokens are not shown.
165,GQA_02594994,gqa,02594994,threshold,Threshold-Fixed-64,outputs/stage7/figures/0165_GQA_02594994_threshold_sparsevlm_style.png,2364312.jpg,data/kaggle_datasets/GQA/images/2364312.jpg,Does the sweatshirt look black?,no,No,66,66,26,26,12,12,SparseVLM-paper-style faded mask using explicit retained original-patch indices from layer_token_stats; merged/recycled tokens are not shown.
169,GQA_11412675,gqa,11412675,sparse,SparseVLM-Original-64,outputs/stage7/figures/0169_GQA_11412675_sparse_sparsevlm_style.png,2385341.jpg,data/kaggle_datasets/GQA/images/2385341.jpg,What is the brown animal doing?,jumping,Playing frisbee,66,66,30,30,17,17,SparseVLM-paper-style faded mask using explicit retained original-patch indices from layer_token_stats; merged/recycled tokens are not shown.
169,GQA_11412675,gqa,11412675,ours,Ours-64,outputs/stage7/figures/0169_GQA_11412675_ours_sparsevlm_style.png,2385341.jpg,data/kaggle_datasets/GQA/images/2385341.jpg,What is the brown animal doing?,jumping,Jumping,66,66,29,29,16,16,SparseVLM-paper-style faded mask using explicit retained original-patch indices from layer_token_stats; merged/recycled tokens are not shown.
169,GQA_11412675,gqa,11412675,threshold,Threshold-Fixed-64,outputs/stage7/figures/0169_GQA_11412675_threshold_sparsevlm_style.png,2385341.jpg,data/kaggle_datasets/GQA/images/2385341.jpg,What is the brown animal doing?,jumping,Jumping,66,66,29,29,17,17,SparseVLM-paper-style faded mask using explicit retained original-patch indices from layer_token_stats; merged/recycled tokens are not shown.
175,GQA_09446084,gqa,09446084,sparse,SparseVLM-Original-64,outputs/stage7/figures/0175_GQA_09446084_sparse_sparsevlm_style.png,2333492.jpg,data/kaggle_datasets/GQA/images/2333492.jpg,Is the person that is pointing wearing a necktie?,yes,No,66,66,26,26,16,16,SparseVLM-paper-style faded mask using explicit retained original-patch indices from layer_token_stats; merged/recycled tokens are not shown.
175,GQA_09446084,gqa,09446084,ours,Ours-64,outputs/stage7/figures/0175_GQA_09446084_ours_sparsevlm_style.png,2333492.jpg,data/kaggle_datasets/GQA/images/2333492.jpg,Is the person that is pointing wearing a necktie?,yes,Yes,66,66,27,27,16,16,SparseVLM-paper-style faded mask using explicit retained original-patch indices from layer_token_stats; merged/recycled tokens are not shown.
175,GQA_09446084,gqa,09446084,threshold,Threshold-Fixed-64,outputs/stage7/figures/0175_GQA_09446084_threshold_sparsevlm_style.png,2333492.jpg,data/kaggle_datasets/GQA/images/2333492.jpg,Is the person that is pointing wearing a necktie?,yes,Yes,66,66,24,24,13,13,SparseVLM-paper-style faded mask using explicit retained original-patch indices from layer_token_stats; merged/recycled tokens are not shown.
182,GQA_13108425,gqa,13108425,sparse,SparseVLM-Original-64,outputs/stage7/figures/0182_GQA_13108425_sparse_sparsevlm_style.png,2334458.jpg,data/kaggle_datasets/GQA/images/2334458.jpg,"On which side are the papers, the left or the right?",right,Left,66,66,27,27,16,16,SparseVLM-paper-style faded mask using explicit retained original-patch indices from layer_token_stats; merged/recycled tokens are not shown.
182,GQA_13108425,gqa,13108425,ours,Ours-64,outputs/stage7/figures/0182_GQA_13108425_ours_sparsevlm_style.png,2334458.jpg,data/kaggle_datasets/GQA/images/2334458.jpg,"On which side are the papers, the left or the right?",right,Right,66,66,27,27,15,15,SparseVLM-paper-style faded mask using explicit retained original-patch indices from layer_token_stats; merged/recycled tokens are not shown.
182,GQA_13108425,gqa,13108425,threshold,Threshold-Fixed-64,outputs/stage7/figures/0182_GQA_13108425_threshold_sparsevlm_style.png,2334458.jpg,data/kaggle_datasets/GQA/images/2334458.jpg,"On which side are the papers, the left or the right?",right,Right,66,66,27,27,16,16,SparseVLM-paper-style faded mask using explicit retained original-patch indices from layer_token_stats; merged/recycled tokens are not shown.
186,GQA_10560337,gqa,10560337,sparse,SparseVLM-Original-64,outputs/stage7/figures/0186_GQA_10560337_sparse_sparsevlm_style.png,2354917.jpg,data/kaggle_datasets/GQA/images/2354917.jpg,What is on the shelf?,glasses,Bottles,66,66,30,30,17,17,SparseVLM-paper-style faded mask using explicit retained original-patch indices from layer_token_stats; merged/recycled tokens are not shown.
186,GQA_10560337,gqa,10560337,ours,Ours-64,outputs/stage7/figures/0186_GQA_10560337_ours_sparsevlm_style.png,2354917.jpg,data/kaggle_datasets/GQA/images/2354917.jpg,What is on the shelf?,glasses,Glasses,66,66,29,29,17,17,SparseVLM-paper-style faded mask using explicit retained original-patch indices from layer_token_stats; merged/recycled tokens are not shown.
186,GQA_10560337,gqa,10560337,threshold,Threshold-Fixed-64,outputs/stage7/figures/0186_GQA_10560337_threshold_sparsevlm_style.png,2354917.jpg,data/kaggle_datasets/GQA/images/2354917.jpg,What is on the shelf?,glasses,Glasses,66,66,30,30,17,17,SparseVLM-paper-style faded mask using explicit retained original-patch indices from layer_token_stats; merged/recycled tokens are not shown.
189,GQA_09964744,gqa,09964744,sparse,SparseVLM-Original-64,outputs/stage7/figures/0189_GQA_09964744_sparse_sparsevlm_style.png,2414646.jpg,data/kaggle_datasets/GQA/images/2414646.jpg,Is the clock in the bottom part or in the top of the photo?,top,Bottom,66,66,29,29,15,15,SparseVLM-paper-style faded mask using explicit retained original-patch indices from layer_token_stats; merged/recycled tokens are not shown.
189,GQA_09964744,gqa,09964744,ours,Ours-64,outputs/stage7/figures/0189_GQA_09964744_ours_sparsevlm_style.png,2414646.jpg,data/kaggle_datasets/GQA/images/2414646.jpg,Is the clock in the bottom part or in the top of the photo?,top,Top,66,66,27,27,15,15,SparseVLM-paper-style faded mask using explicit retained original-patch indices from layer_token_stats; merged/recycled tokens are not shown.
189,GQA_09964744,gqa,09964744,threshold,Threshold-Fixed-64,outputs/stage7/figures/0189_GQA_09964744_threshold_sparsevlm_style.png,2414646.jpg,data/kaggle_datasets/GQA/images/2414646.jpg,Is the clock in the bottom part or in the top of the photo?,top,Top,66,66,24,24,12,12,SparseVLM-paper-style faded mask using explicit retained original-patch indices from layer_token_stats; merged/recycled tokens are not shown.
190,GQA_09964907,gqa,09964907,sparse,SparseVLM-Original-64,outputs/stage7/figures/0190_GQA_09964907_sparse_sparsevlm_style.png,2414646.jpg,data/kaggle_datasets/GQA/images/2414646.jpg,"In which part of the image is the remote, the top or the bottom?",top,Bottom,66,66,28,28,15,15,SparseVLM-paper-style faded mask using explicit retained original-patch indices from layer_token_stats; merged/recycled tokens are not shown.
190,GQA_09964907,gqa,09964907,ours,Ours-64,outputs/stage7/figures/0190_GQA_09964907_ours_sparsevlm_style.png,2414646.jpg,data/kaggle_datasets/GQA/images/2414646.jpg,"In which part of the image is the remote, the top or the bottom?",top,Top,66,66,28,28,15,15,SparseVLM-paper-style faded mask using explicit retained original-patch indices from layer_token_stats; merged/recycled tokens are not shown.
190,GQA_09964907,gqa,09964907,threshold,Threshold-Fixed-64,outputs/stage7/figures/0190_GQA_09964907_threshold_sparsevlm_style.png,2414646.jpg,data/kaggle_datasets/GQA/images/2414646.jpg,"In which part of the image is the remote, the top or the bottom?",top,Top,66,66,29,29,16,16,SparseVLM-paper-style faded mask using explicit retained original-patch indices from layer_token_stats; merged/recycled tokens are not shown.
192,GQA_13376836,gqa,13376836,sparse,SparseVLM-Original-64,outputs/stage7/figures/0192_GQA_13376836_sparse_sparsevlm_style.png,2322673.jpg,data/kaggle_datasets/GQA/images/2322673.jpg,What do you think is pulled by the white animal?,carriage,Cart,66,66,27,27,14,14,SparseVLM-paper-style faded mask using explicit retained original-patch indices from layer_token_stats; merged/recycled tokens are not shown.
192,GQA_13376836,gqa,13376836,ours,Ours-64,outputs/stage7/figures/0192_GQA_13376836_ours_sparsevlm_style.png,2322673.jpg,data/kaggle_datasets/GQA/images/2322673.jpg,What do you think is pulled by the white animal?,carriage,Carriage,66,66,24,24,16,16,SparseVLM-paper-style faded mask using explicit retained original-patch indices from layer_token_stats; merged/recycled tokens are not shown.
192,GQA_13376836,gqa,13376836,threshold,Threshold-Fixed-64,outputs/stage7/figures/0192_GQA_13376836_threshold_sparsevlm_style.png,2322673.jpg,data/kaggle_datasets/GQA/images/2322673.jpg,What do you think is pulled by the white animal?,carriage,Carriage,66,66,25,25,15,15,SparseVLM-paper-style faded mask using explicit retained original-patch indices from layer_token_stats; merged/recycled tokens are not shown.
194,GQA_14889532,gqa,14889532,sparse,SparseVLM-Original-64,outputs/stage7/figures/0194_GQA_14889532_sparse_sparsevlm_style.png,2374981.jpg,data/kaggle_datasets/GQA/images/2374981.jpg,What is the color of the door the sticker is on?,white,Blue,66,66,26,26,15,15,SparseVLM-paper-style faded mask using explicit retained original-patch indices from layer_token_stats; merged/recycled tokens are not shown.
194,GQA_14889532,gqa,14889532,ours,Ours-64,outputs/stage7/figures/0194_GQA_14889532_ours_sparsevlm_style.png,2374981.jpg,data/kaggle_datasets/GQA/images/2374981.jpg,What is the color of the door the sticker is on?,white,White,66,66,25,25,15,15,SparseVLM-paper-style faded mask using explicit retained original-patch indices from layer_token_stats; merged/recycled tokens are not shown.
194,GQA_14889532,gqa,14889532,threshold,Threshold-Fixed-64,outputs/stage7/figures/0194_GQA_14889532_threshold_sparsevlm_style.png,2374981.jpg,data/kaggle_datasets/GQA/images/2374981.jpg,What is the color of the door the sticker is on?,white,White,66,66,28,28,16,16,SparseVLM-paper-style faded mask using explicit retained original-patch indices from layer_token_stats; merged/recycled tokens are not shown.
196,GQA_05425412,gqa,05425412,sparse,SparseVLM-Original-64,outputs/stage7/figures/0196_GQA_05425412_sparse_sparsevlm_style.png,2354950.jpg,data/kaggle_datasets/GQA/images/2354950.jpg,What is the color of the tiles?,green,Brown,66,66,30,30,17,17,SparseVLM-paper-style faded mask using explicit retained original-patch indices from layer_token_stats; merged/recycled tokens are not shown.
196,GQA_05425412,gqa,05425412,ours,Ours-64,outputs/stage7/figures/0196_GQA_05425412_ours_sparsevlm_style.png,2354950.jpg,data/kaggle_datasets/GQA/images/2354950.jpg,What is the color of the tiles?,green,Green,66,66,28,28,16,16,SparseVLM-paper-style faded mask using explicit retained original-patch indices from layer_token_stats; merged/recycled tokens are not shown.
196,GQA_05425412,gqa,05425412,threshold,Threshold-Fixed-64,outputs/stage7/figures/0196_GQA_05425412_threshold_sparsevlm_style.png,2354950.jpg,data/kaggle_datasets/GQA/images/2354950.jpg,What is the color of the tiles?,green,Green,66,66,29,29,17,17,SparseVLM-paper-style faded mask using explicit retained original-patch indices from layer_token_stats; merged/recycled tokens are not shown.
197,GQA_07613830,gqa,07613830,sparse,SparseVLM-Original-64,outputs/stage7/figures/0197_GQA_07613830_sparse_sparsevlm_style.png,2413817.jpg,data/kaggle_datasets/GQA/images/2413817.jpg,Do the house and the sign have a different colors?,yes,No,66,66,30,30,17,17,SparseVLM-paper-style faded mask using explicit retained original-patch indices from layer_token_stats; merged/recycled tokens are not shown.
197,GQA_07613830,gqa,07613830,ours,Ours-64,outputs/stage7/figures/0197_GQA_07613830_ours_sparsevlm_style.png,2413817.jpg,data/kaggle_datasets/GQA/images/2413817.jpg,Do the house and the sign have a different colors?,yes,Yes,66,66,29,29,16,16,SparseVLM-paper-style faded mask using explicit retained original-patch indices from layer_token_stats; merged/recycled tokens are not shown.
197,GQA_07613830,gqa,07613830,threshold,Threshold-Fixed-64,outputs/stage7/figures/0197_GQA_07613830_threshold_sparsevlm_style.png,2413817.jpg,data/kaggle_datasets/GQA/images/2413817.jpg,Do the house and the sign have a different colors?,yes,Yes,66,66,30,30,17,17,SparseVLM-paper-style faded mask using explicit retained original-patch indices from layer_token_stats; merged/recycled tokens are not shown.
198,GQA_08258647,gqa,08258647,sparse,SparseVLM-Original-64,outputs/stage7/figures/0198_GQA_08258647_sparse_sparsevlm_style.png,2414210.jpg,data/kaggle_datasets/GQA/images/2414210.jpg,Does the happy person wear a jacket?,yes,No,66,66,30,30,17,17,SparseVLM-paper-style faded mask using explicit retained original-patch indices from layer_token_stats; merged/recycled tokens are not shown.
198,GQA_08258647,gqa,08258647,ours,Ours-64,outputs/stage7/figures/0198_GQA_08258647_ours_sparsevlm_style.png,2414210.jpg,data/kaggle_datasets/GQA/images/2414210.jpg,Does the happy person wear a jacket?,yes,Yes,66,66,29,29,16,16,SparseVLM-paper-style faded mask using explicit retained original-patch indices from layer_token_stats; merged/recycled tokens are not shown.
198,GQA_08258647,gqa,08258647,threshold,Threshold-Fixed-64,outputs/stage7/figures/0198_GQA_08258647_threshold_sparsevlm_style.png,2414210.jpg,data/kaggle_datasets/GQA/images/2414210.jpg,Does the happy person wear a jacket?,yes,Yes,66,66,30,30,17,17,SparseVLM-paper-style faded mask using explicit retained original-patch indices from layer_token_stats; merged/recycled tokens are not shown.
200,GQA_16319797,gqa,16319797,sparse,SparseVLM-Original-64,outputs/stage7/figures/0200_GQA_16319797_sparse_sparsevlm_style.png,2401477.jpg,data/kaggle_datasets/GQA/images/2401477.jpg,What kind of clothing is yellow?,sweater,Shirt,66,66,25,25,16,16,SparseVLM-paper-style faded mask using explicit retained original-patch indices from layer_token_stats; merged/recycled tokens are not shown.
200,GQA_16319797,gqa,16319797,ours,Ours-64,outputs/stage7/figures/0200_GQA_16319797_ours_sparsevlm_style.png,2401477.jpg,data/kaggle_datasets/GQA/images/2401477.jpg,What kind of clothing is yellow?,sweater,Sweater,66,66,25,25,17,17,SparseVLM-paper-style faded mask using explicit retained original-patch indices from layer_token_stats; merged/recycled tokens are not shown.
200,GQA_16319797,gqa,16319797,threshold,Threshold-Fixed-64,outputs/stage7/figures/0200_GQA_16319797_threshold_sparsevlm_style.png,2401477.jpg,data/kaggle_datasets/GQA/images/2401477.jpg,What kind of clothing is yellow?,sweater,Sweater,66,66,25,25,16,16,SparseVLM-paper-style faded mask using explicit retained original-patch indices from layer_token_stats; merged/recycled tokens are not shown.
204,GQA_19225511,gqa,19225511,sparse,SparseVLM-Original-64,outputs/stage7/figures/0204_GQA_19225511_sparse_sparsevlm_style.png,2342134.jpg,data/kaggle_datasets/GQA/images/2342134.jpg,Do you see refrigerators in the scene?,yes,No,66,66,29,29,16,16,SparseVLM-paper-style faded mask using explicit retained original-patch indices from layer_token_stats; merged/recycled tokens are not shown.
204,GQA_19225511,gqa,19225511,ours,Ours-64,outputs/stage7/figures/0204_GQA_19225511_ours_sparsevlm_style.png,2342134.jpg,data/kaggle_datasets/GQA/images/2342134.jpg,Do you see refrigerators in the scene?,yes,Yes,66,66,28,28,17,17,SparseVLM-paper-style faded mask using explicit retained original-patch indices from layer_token_stats; merged/recycled tokens are not shown.
204,GQA_19225511,gqa,19225511,threshold,Threshold-Fixed-64,outputs/stage7/figures/0204_GQA_19225511_threshold_sparsevlm_style.png,2342134.jpg,data/kaggle_datasets/GQA/images/2342134.jpg,Do you see refrigerators in the scene?,yes,Yes,66,66,28,28,17,17,SparseVLM-paper-style faded mask using explicit retained original-patch indices from layer_token_stats; merged/recycled tokens are not shown.
207,GQA_07733683,gqa,07733683,sparse,SparseVLM-Original-64,outputs/stage7/figures/0207_GQA_07733683_sparse_sparsevlm_style.png,2329137.jpg,data/kaggle_datasets/GQA/images/2329137.jpg,Is the green lettuce on the sandwich?,yes,No,66,66,24,24,15,15,SparseVLM-paper-style faded mask using explicit retained original-patch indices from layer_token_stats; merged/recycled tokens are not shown.
207,GQA_07733683,gqa,07733683,ours,Ours-64,outputs/stage7/figures/0207_GQA_07733683_ours_sparsevlm_style.png,2329137.jpg,data/kaggle_datasets/GQA/images/2329137.jpg,Is the green lettuce on the sandwich?,yes,Yes,66,66,25,25,14,14,SparseVLM-paper-style faded mask using explicit retained original-patch indices from layer_token_stats; merged/recycled tokens are not shown.
207,GQA_07733683,gqa,07733683,threshold,Threshold-Fixed-64,outputs/stage7/figures/0207_GQA_07733683_threshold_sparsevlm_style.png,2329137.jpg,data/kaggle_datasets/GQA/images/2329137.jpg,Is the green lettuce on the sandwich?,yes,Yes,66,66,23,23,12,12,SparseVLM-paper-style faded mask using explicit retained original-patch indices from layer_token_stats; merged/recycled tokens are not shown.
212,GQA_021025835,gqa,021025835,sparse,SparseVLM-Original-64,outputs/stage7/figures/0212_GQA_021025835_sparse_sparsevlm_style.png,2364729.jpg,data/kaggle_datasets/GQA/images/2364729.jpg,Are there any cabinets to the right of the fridge?,yes,No,66,66,26,26,15,15,SparseVLM-paper-style faded mask using explicit retained original-patch indices from layer_token_stats; merged/recycled tokens are not shown.
212,GQA_021025835,gqa,021025835,ours,Ours-64,outputs/stage7/figures/0212_GQA_021025835_ours_sparsevlm_style.png,2364729.jpg,data/kaggle_datasets/GQA/images/2364729.jpg,Are there any cabinets to the right of the fridge?,yes,Yes,66,66,27,27,17,17,SparseVLM-paper-style faded mask using explicit retained original-patch indices from layer_token_stats; merged/recycled tokens are not shown.
212,GQA_021025835,gqa,021025835,threshold,Threshold-Fixed-64,outputs/stage7/figures/0212_GQA_021025835_threshold_sparsevlm_style.png,2364729.jpg,data/kaggle_datasets/GQA/images/2364729.jpg,Are there any cabinets to the right of the fridge?,yes,Yes,66,66,28,28,16,16,SparseVLM-paper-style faded mask using explicit retained original-patch indices from layer_token_stats; merged/recycled tokens are not shown.
215,GQA_12252856,gqa,12252856,sparse,SparseVLM-Original-64,outputs/stage7/figures/0215_GQA_12252856_sparse_sparsevlm_style.png,2405244.jpg,data/kaggle_datasets/GQA/images/2405244.jpg,What is the train on?,platform,Tracks,66,66,27,27,17,17,SparseVLM-paper-style faded mask using explicit retained original-patch indices from layer_token_stats; merged/recycled tokens are not shown.
215,GQA_12252856,gqa,12252856,ours,Ours-64,outputs/stage7/figures/0215_GQA_12252856_ours_sparsevlm_style.png,2405244.jpg,data/kaggle_datasets/GQA/images/2405244.jpg,What is the train on?,platform,Platform,66,66,24,24,15,15,SparseVLM-paper-style faded mask using explicit retained original-patch indices from layer_token_stats; merged/recycled tokens are not shown.
215,GQA_12252856,gqa,12252856,threshold,Threshold-Fixed-64,outputs/stage7/figures/0215_GQA_12252856_threshold_sparsevlm_style.png,2405244.jpg,data/kaggle_datasets/GQA/images/2405244.jpg,What is the train on?,platform,Platform,66,66,27,27,17,17,SparseVLM-paper-style faded mask using explicit retained original-patch indices from layer_token_stats; merged/recycled tokens are not shown.
218,GQA_00882837,gqa,00882837,sparse,SparseVLM-Original-64,outputs/stage7/figures/0218_GQA_00882837_sparse_sparsevlm_style.png,2355234.jpg,data/kaggle_datasets/GQA/images/2355234.jpg,Are there any pillows to the left of the sofa that is in front of the lamp?,yes,No,66,66,29,29,16,16,SparseVLM-paper-style faded mask using explicit retained original-patch indices from layer_token_stats; merged/recycled tokens are not shown.
218,GQA_00882837,gqa,00882837,ours,Ours-64,outputs/stage7/figures/0218_GQA_00882837_ours_sparsevlm_style.png,2355234.jpg,data/kaggle_datasets/GQA/images/2355234.jpg,Are there any pillows to the left of the sofa that is in front of the lamp?,yes,Yes,66,66,24,24,15,15,SparseVLM-paper-style faded mask using explicit retained original-patch indices from layer_token_stats; merged/recycled tokens are not shown.
218,GQA_00882837,gqa,00882837,threshold,Threshold-Fixed-64,outputs/stage7/figures/0218_GQA_00882837_threshold_sparsevlm_style.png,2355234.jpg,data/kaggle_datasets/GQA/images/2355234.jpg,Are there any pillows to the left of the sofa that is in front of the lamp?,yes,Yes,66,66,28,28,16,16,SparseVLM-paper-style faded mask using explicit retained original-patch indices from layer_token_stats; merged/recycled tokens are not shown.
219,GQA_02395704,gqa,02395704,sparse,SparseVLM-Original-64,outputs/stage7/figures/0219_GQA_02395704_sparse_sparsevlm_style.png,2369810.jpg,data/kaggle_datasets/GQA/images/2369810.jpg,Are the yellow chairs on the right or on the left side?,left,Right,66,66,28,28,15,15,SparseVLM-paper-style faded mask using explicit retained original-patch indices from layer_token_stats; merged/recycled tokens are not shown.
219,GQA_02395704,gqa,02395704,ours,Ours-64,outputs/stage7/figures/0219_GQA_02395704_ours_sparsevlm_style.png,2369810.jpg,data/kaggle_datasets/GQA/images/2369810.jpg,Are the yellow chairs on the right or on the left side?,left,Left,66,66,28,28,16,16,SparseVLM-paper-style faded mask using explicit retained original-patch indices from layer_token_stats; merged/recycled tokens are not shown.
219,GQA_02395704,gqa,02395704,threshold,Threshold-Fixed-64,outputs/stage7/figures/0219_GQA_02395704_threshold_sparsevlm_style.png,2369810.jpg,data/kaggle_datasets/GQA/images/2369810.jpg,Are the yellow chairs on the right or on the left side?,left,Left,66,66,26,26,13,13,SparseVLM-paper-style faded mask using explicit retained original-patch indices from layer_token_stats; merged/recycled tokens are not shown.
221,GQA_06699178,gqa,06699178,sparse,SparseVLM-Original-64,outputs/stage7/figures/0221_GQA_06699178_sparse_sparsevlm_style.png,1670.jpg,data/kaggle_datasets/GQA/images/1670.jpg,Is the computer desk beige or black?,beige,Black,66,66,27,27,15,15,SparseVLM-paper-style faded mask using explicit retained original-patch indices from layer_token_stats; merged/recycled tokens are not shown.
221,GQA_06699178,gqa,06699178,ours,Ours-64,outputs/stage7/figures/0221_GQA_06699178_ours_sparsevlm_style.png,1670.jpg,data/kaggle_datasets/GQA/images/1670.jpg,Is the computer desk beige or black?,beige,Beige,66,66,25,25,16,16,SparseVLM-paper-style faded mask using explicit retained original-patch indices from layer_token_stats; merged/recycled tokens are not shown.
221,GQA_06699178,gqa,06699178,threshold,Threshold-Fixed-64,outputs/stage7/figures/0221_GQA_06699178_threshold_sparsevlm_style.png,1670.jpg,data/kaggle_datasets/GQA/images/1670.jpg,Is the computer desk beige or black?,beige,Beige,66,66,27,27,16,16,SparseVLM-paper-style faded mask using explicit retained original-patch indices from layer_token_stats; merged/recycled tokens are not shown.
222,GQA_10595290,gqa,10595290,sparse,SparseVLM-Original-64,outputs/stage7/figures/0222_GQA_10595290_sparse_sparsevlm_style.png,2404396.jpg,data/kaggle_datasets/GQA/images/2404396.jpg,The trees are where?,yard,Field,66,66,27,27,16,16,SparseVLM-paper-style faded mask using explicit retained original-patch indices from layer_token_stats; merged/recycled tokens are not shown.
222,GQA_10595290,gqa,10595290,ours,Ours-64,outputs/stage7/figures/0222_GQA_10595290_ours_sparsevlm_style.png,2404396.jpg,data/kaggle_datasets/GQA/images/2404396.jpg,The trees are where?,yard,Yard,66,66,26,26,15,15,SparseVLM-paper-style faded mask using explicit retained original-patch indices from layer_token_stats; merged/recycled tokens are not shown.
222,GQA_10595290,gqa,10595290,threshold,Threshold-Fixed-64,outputs/stage7/figures/0222_GQA_10595290_threshold_sparsevlm_style.png,2404396.jpg,data/kaggle_datasets/GQA/images/2404396.jpg,The trees are where?,yard,Yard,66,66,26,26,15,15,SparseVLM-paper-style faded mask using explicit retained original-patch indices from layer_token_stats; merged/recycled tokens are not shown.
224,GQA_12278128,gqa,12278128,sparse,SparseVLM-Original-64,outputs/stage7/figures/0224_GQA_12278128_sparse_sparsevlm_style.png,2405744.jpg,data/kaggle_datasets/GQA/images/2405744.jpg,Is the helmet on the left side?,yes,No,66,66,28,28,15,15,SparseVLM-paper-style faded mask using explicit retained original-patch indices from layer_token_stats; merged/recycled tokens are not shown.
224,GQA_12278128,gqa,12278128,ours,Ours-64,outputs/stage7/figures/0224_GQA_12278128_ours_sparsevlm_style.png,2405744.jpg,data/kaggle_datasets/GQA/images/2405744.jpg,Is the helmet on the left side?,yes,Yes,66,66,28,28,16,16,SparseVLM-paper-style faded mask using explicit retained original-patch indices from layer_token_stats; merged/recycled tokens are not shown.
224,GQA_12278128,gqa,12278128,threshold,Threshold-Fixed-64,outputs/stage7/figures/0224_GQA_12278128_threshold_sparsevlm_style.png,2405744.jpg,data/kaggle_datasets/GQA/images/2405744.jpg,Is the helmet on the left side?,yes,Yes,66,66,29,29,15,15,SparseVLM-paper-style faded mask using explicit retained original-patch indices from layer_token_stats; merged/recycled tokens are not shown.
226,GQA_1297276,gqa,1297276,sparse,SparseVLM-Original-64,outputs/stage7/figures/0226_GQA_1297276_sparse_sparsevlm_style.png,2385826.jpg,data/kaggle_datasets/GQA/images/2385826.jpg,What is the black piece of clothing?,coat,Hat,66,66,24,24,15,15,SparseVLM-paper-style faded mask using explicit retained original-patch indices from layer_token_stats; merged/recycled tokens are not shown.
226,GQA_1297276,gqa,1297276,ours,Ours-64,outputs/stage7/figures/0226_GQA_1297276_ours_sparsevlm_style.png,2385826.jpg,data/kaggle_datasets/GQA/images/2385826.jpg,What is the black piece of clothing?,coat,Coat,66,66,25,25,16,16,SparseVLM-paper-style faded mask using explicit retained original-patch indices from layer_token_stats; merged/recycled tokens are not shown.
226,GQA_1297276,gqa,1297276,threshold,Threshold-Fixed-64,outputs/stage7/figures/0226_GQA_1297276_threshold_sparsevlm_style.png,2385826.jpg,data/kaggle_datasets/GQA/images/2385826.jpg,What is the black piece of clothing?,coat,Coat,66,66,23,23,13,13,SparseVLM-paper-style faded mask using explicit retained original-patch indices from layer_token_stats; merged/recycled tokens are not shown.
227,GQA_13168629,gqa,13168629,sparse,SparseVLM-Original-64,outputs/stage7/figures/0227_GQA_13168629_sparse_sparsevlm_style.png,2316612.jpg,data/kaggle_datasets/GQA/images/2316612.jpg,On which side is the cheese?,right,Left,66,66,26,26,16,16,SparseVLM-paper-style faded mask using explicit retained original-patch indices from layer_token_stats; merged/recycled tokens are not shown.
227,GQA_13168629,gqa,13168629,ours,Ours-64,outputs/stage7/figures/0227_GQA_13168629_ours_sparsevlm_style.png,2316612.jpg,data/kaggle_datasets/GQA/images/2316612.jpg,On which side is the cheese?,right,Right,66,66,25,25,15,15,SparseVLM-paper-style faded mask using explicit retained original-patch indices from layer_token_stats; merged/recycled tokens are not shown.
227,GQA_13168629,gqa,13168629,threshold,Threshold-Fixed-64,outputs/stage7/figures/0227_GQA_13168629_threshold_sparsevlm_style.png,2316612.jpg,data/kaggle_datasets/GQA/images/2316612.jpg,On which side is the cheese?,right,Right,66,66,26,26,15,15,SparseVLM-paper-style faded mask using explicit retained original-patch indices from layer_token_stats; merged/recycled tokens are not shown.
228,GQA_13834667,gqa,13834667,sparse,SparseVLM-Original-64,outputs/stage7/figures/0228_GQA_13834667_sparse_sparsevlm_style.png,2398554.jpg,data/kaggle_datasets/GQA/images/2398554.jpg,What is in front of the vehicle that is to the right of the police officer?,bus,Motorcycle,66,66,28,28,16,16,SparseVLM-paper-style faded mask using explicit retained original-patch indices from layer_token_stats; merged/recycled tokens are not shown.
228,GQA_13834667,gqa,13834667,ours,Ours-64,outputs/stage7/figures/0228_GQA_13834667_ours_sparsevlm_style.png,2398554.jpg,data/kaggle_datasets/GQA/images/2398554.jpg,What is in front of the vehicle that is to the right of the police officer?,bus,Bus,66,66,26,26,15,15,SparseVLM-paper-style faded mask using explicit retained original-patch indices from layer_token_stats; merged/recycled tokens are not shown.
228,GQA_13834667,gqa,13834667,threshold,Threshold-Fixed-64,outputs/stage7/figures/0228_GQA_13834667_threshold_sparsevlm_style.png,2398554.jpg,data/kaggle_datasets/GQA/images/2398554.jpg,What is in front of the vehicle that is to the right of the police officer?,bus,Bus,66,66,27,27,17,17,SparseVLM-paper-style faded mask using explicit retained original-patch indices from layer_token_stats; merged/recycled tokens are not shown.
230,GQA_15290680,gqa,15290680,sparse,SparseVLM-Original-64,outputs/stage7/figures/0230_GQA_15290680_sparse_sparsevlm_style.png,2373462.jpg,data/kaggle_datasets/GQA/images/2373462.jpg,On which side of the photo is the cat?,right,Left,66,66,25,25,15,15,SparseVLM-paper-style faded mask using explicit retained original-patch indices from layer_token_stats; merged/recycled tokens are not shown.
230,GQA_15290680,gqa,15290680,ours,Ours-64,outputs/stage7/figures/0230_GQA_15290680_ours_sparsevlm_style.png,2373462.jpg,data/kaggle_datasets/GQA/images/2373462.jpg,On which side of the photo is the cat?,right,Right,66,66,28,28,16,16,SparseVLM-paper-style faded mask using explicit retained original-patch indices from layer_token_stats; merged/recycled tokens are not shown.
230,GQA_15290680,gqa,15290680,threshold,Threshold-Fixed-64,outputs/stage7/figures/0230_GQA_15290680_threshold_sparsevlm_style.png,2373462.jpg,data/kaggle_datasets/GQA/images/2373462.jpg,On which side of the photo is the cat?,right,Right,66,66,28,28,16,16,SparseVLM-paper-style faded mask using explicit retained original-patch indices from layer_token_stats; merged/recycled tokens are not shown.
238,GQA_0479775,gqa,0479775,sparse,SparseVLM-Original-64,outputs/stage7/figures/0238_GQA_0479775_sparse_sparsevlm_style.png,2401325.jpg,data/kaggle_datasets/GQA/images/2401325.jpg,What color is the dry road?,gray,Black,66,66,25,25,16,16,SparseVLM-paper-style faded mask using explicit retained original-patch indices from layer_token_stats; merged/recycled tokens are not shown.
238,GQA_0479775,gqa,0479775,ours,Ours-64,outputs/stage7/figures/0238_GQA_0479775_ours_sparsevlm_style.png,2401325.jpg,data/kaggle_datasets/GQA/images/2401325.jpg,What color is the dry road?,gray,Gray,66,66,23,23,14,14,SparseVLM-paper-style faded mask using explicit retained original-patch indices from layer_token_stats; merged/recycled tokens are not shown.
238,GQA_0479775,gqa,0479775,threshold,Threshold-Fixed-64,outputs/stage7/figures/0238_GQA_0479775_threshold_sparsevlm_style.png,2401325.jpg,data/kaggle_datasets/GQA/images/2401325.jpg,What color is the dry road?,gray,Gray,66,66,27,27,16,16,SparseVLM-paper-style faded mask using explicit retained original-patch indices from layer_token_stats; merged/recycled tokens are not shown.
243,GQA_13414037,gqa,13414037,sparse,SparseVLM-Original-64,outputs/stage7/figures/0243_GQA_13414037_sparse_sparsevlm_style.png,2412198.jpg,data/kaggle_datasets/GQA/images/2412198.jpg,Who wears a shirt?,woman,Player,66,66,28,28,14,14,SparseVLM-paper-style faded mask using explicit retained original-patch indices from layer_token_stats; merged/recycled tokens are not shown.
243,GQA_13414037,gqa,13414037,ours,Ours-64,outputs/stage7/figures/0243_GQA_13414037_ours_sparsevlm_style.png,2412198.jpg,data/kaggle_datasets/GQA/images/2412198.jpg,Who wears a shirt?,woman,Woman,66,66,27,27,16,16,SparseVLM-paper-style faded mask using explicit retained original-patch indices from layer_token_stats; merged/recycled tokens are not shown.
243,GQA_13414037,gqa,13414037,threshold,Threshold-Fixed-64,outputs/stage7/figures/0243_GQA_13414037_threshold_sparsevlm_style.png,2412198.jpg,data/kaggle_datasets/GQA/images/2412198.jpg,Who wears a shirt?,woman,Woman,66,66,29,29,17,17,SparseVLM-paper-style faded mask using explicit retained original-patch indices from layer_token_stats; merged/recycled tokens are not shown.
246,GQA_15559095,gqa,15559095,sparse,SparseVLM-Original-64,outputs/stage7/figures/0246_GQA_15559095_sparse_sparsevlm_style.png,2370549.jpg,data/kaggle_datasets/GQA/images/2370549.jpg,Do you see any fences or zebras in the picture?,yes,No,66,66,28,28,16,16,SparseVLM-paper-style faded mask using explicit retained original-patch indices from layer_token_stats; merged/recycled tokens are not shown.
246,GQA_15559095,gqa,15559095,ours,Ours-64,outputs/stage7/figures/0246_GQA_15559095_ours_sparsevlm_style.png,2370549.jpg,data/kaggle_datasets/GQA/images/2370549.jpg,Do you see any fences or zebras in the picture?,yes,Yes,66,66,24,24,14,14,SparseVLM-paper-style faded mask using explicit retained original-patch indices from layer_token_stats; merged/recycled tokens are not shown.
246,GQA_15559095,gqa,15559095,threshold,Threshold-Fixed-64,outputs/stage7/figures/0246_GQA_15559095_threshold_sparsevlm_style.png,2370549.jpg,data/kaggle_datasets/GQA/images/2370549.jpg,Do you see any fences or zebras in the picture?,yes,Yes,66,66,26,26,15,15,SparseVLM-paper-style faded mask using explicit retained original-patch indices from layer_token_stats; merged/recycled tokens are not shown.
250,GQA_1335419,gqa,1335419,sparse,SparseVLM-Original-64,outputs/stage7/figures/0250_GQA_1335419_sparse_sparsevlm_style.png,2414395.jpg,data/kaggle_datasets/GQA/images/2414395.jpg,Is there a child on the elephant?,yes,No,66,66,30,30,17,17,SparseVLM-paper-style faded mask using explicit retained original-patch indices from layer_token_stats; merged/recycled tokens are not shown.
250,GQA_1335419,gqa,1335419,ours,Ours-64,outputs/stage7/figures/0250_GQA_1335419_ours_sparsevlm_style.png,2414395.jpg,data/kaggle_datasets/GQA/images/2414395.jpg,Is there a child on the elephant?,yes,Yes,66,66,29,29,16,16,SparseVLM-paper-style faded mask using explicit retained original-patch indices from layer_token_stats; merged/recycled tokens are not shown.
250,GQA_1335419,gqa,1335419,threshold,Threshold-Fixed-64,outputs/stage7/figures/0250_GQA_1335419_threshold_sparsevlm_style.png,2414395.jpg,data/kaggle_datasets/GQA/images/2414395.jpg,Is there a child on the elephant?,yes,Yes,66,66,30,30,17,17,SparseVLM-paper-style faded mask using explicit retained original-patch indices from layer_token_stats; merged/recycled tokens are not shown.
251,GQA_161016410,gqa,161016410,sparse,SparseVLM-Original-64,outputs/stage7/figures/0251_GQA_161016410_sparse_sparsevlm_style.png,2387532.jpg,data/kaggle_datasets/GQA/images/2387532.jpg,Who is wearing the shoes?,boy,Man,66,66,28,28,17,17,SparseVLM-paper-style faded mask using explicit retained original-patch indices from layer_token_stats; merged/recycled tokens are not shown.
251,GQA_161016410,gqa,161016410,ours,Ours-64,outputs/stage7/figures/0251_GQA_161016410_ours_sparsevlm_style.png,2387532.jpg,data/kaggle_datasets/GQA/images/2387532.jpg,Who is wearing the shoes?,boy,Boy,66,66,29,29,16,16,SparseVLM-paper-style faded mask using explicit retained original-patch indices from layer_token_stats; merged/recycled tokens are not shown.
251,GQA_161016410,gqa,161016410,threshold,Threshold-Fixed-64,outputs/stage7/figures/0251_GQA_161016410_threshold_sparsevlm_style.png,2387532.jpg,data/kaggle_datasets/GQA/images/2387532.jpg,Who is wearing the shoes?,boy,Boy,66,66,30,30,17,17,SparseVLM-paper-style faded mask using explicit retained original-patch indices from layer_token_stats; merged/recycled tokens are not shown.
252,GQA_16801731,gqa,16801731,sparse,SparseVLM-Original-64,outputs/stage7/figures/0252_GQA_16801731_sparse_sparsevlm_style.png,2343823.jpg,data/kaggle_datasets/GQA/images/2343823.jpg,What is the color of the grass?,brown,Green,66,66,30,30,17,17,SparseVLM-paper-style faded mask using explicit retained original-patch indices from layer_token_stats; merged/recycled tokens are not shown.
252,GQA_16801731,gqa,16801731,ours,Ours-64,outputs/stage7/figures/0252_GQA_16801731_ours_sparsevlm_style.png,2343823.jpg,data/kaggle_datasets/GQA/images/2343823.jpg,What is the color of the grass?,brown,Brown,66,66,29,29,16,16,SparseVLM-paper-style faded mask using explicit retained original-patch indices from layer_token_stats; merged/recycled tokens are not shown.
252,GQA_16801731,gqa,16801731,threshold,Threshold-Fixed-64,outputs/stage7/figures/0252_GQA_16801731_threshold_sparsevlm_style.png,2343823.jpg,data/kaggle_datasets/GQA/images/2343823.jpg,What is the color of the grass?,brown,Brown,66,66,26,26,14,14,SparseVLM-paper-style faded mask using explicit retained original-patch indices from layer_token_stats; merged/recycled tokens are not shown.
254,POPE_adversarial_111,pope,adversarial_111,sparse,SparseVLM-Original-64,outputs/stage7/figures/0254_POPE_adversarial_111_sparse_sparsevlm_style.png,COCO_val2014_000000157084.jpg,data/kaggle_datasets/POPE/val2014/COCO_val2014_000000157084.jpg,Is there a bench in the image?,yes,no,66,66,24,24,17,17,SparseVLM-paper-style faded mask using explicit retained original-patch indices from layer_token_stats; merged/recycled tokens are not shown.
254,POPE_adversarial_111,pope,adversarial_111,ours,Ours-64,outputs/stage7/figures/0254_POPE_adversarial_111_ours_sparsevlm_style.png,COCO_val2014_000000157084.jpg,data/kaggle_datasets/POPE/val2014/COCO_val2014_000000157084.jpg,Is there a bench in the image?,yes,yes,66,66,25,25,16,16,SparseVLM-paper-style faded mask using explicit retained original-patch indices from layer_token_stats; merged/recycled tokens are not shown.
254,POPE_adversarial_111,pope,adversarial_111,threshold,Threshold-Fixed-64,outputs/stage7/figures/0254_POPE_adversarial_111_threshold_sparsevlm_style.png,COCO_val2014_000000157084.jpg,data/kaggle_datasets/POPE/val2014/COCO_val2014_000000157084.jpg,Is there a bench in the image?,yes,yes,66,66,23,23,16,16,SparseVLM-paper-style faded mask using explicit retained original-patch indices from layer_token_stats; merged/recycled tokens are not shown.
255,POPE_popular_111,pope,popular_111,sparse,SparseVLM-Original-64,outputs/stage7/figures/0255_POPE_popular_111_sparse_sparsevlm_style.png,COCO_val2014_000000157084.jpg,data/kaggle_datasets/POPE/val2014/COCO_val2014_000000157084.jpg,Is there a bench in the image?,yes,no,66,66,24,24,17,17,SparseVLM-paper-style faded mask using explicit retained original-patch indices from layer_token_stats; merged/recycled tokens are not shown.
255,POPE_popular_111,pope,popular_111,ours,Ours-64,outputs/stage7/figures/0255_POPE_popular_111_ours_sparsevlm_style.png,COCO_val2014_000000157084.jpg,data/kaggle_datasets/POPE/val2014/COCO_val2014_000000157084.jpg,Is there a bench in the image?,yes,yes,66,66,25,25,16,16,SparseVLM-paper-style faded mask using explicit retained original-patch indices from layer_token_stats; merged/recycled tokens are not shown.
255,POPE_popular_111,pope,popular_111,threshold,Threshold-Fixed-64,outputs/stage7/figures/0255_POPE_popular_111_threshold_sparsevlm_style.png,COCO_val2014_000000157084.jpg,data/kaggle_datasets/POPE/val2014/COCO_val2014_000000157084.jpg,Is there a bench in the image?,yes,yes,66,66,23,23,16,16,SparseVLM-paper-style faded mask using explicit retained original-patch indices from layer_token_stats; merged/recycled tokens are not shown.
256,POPE_random_104,pope,random_104,sparse,SparseVLM-Original-64,outputs/stage7/figures/0256_POPE_random_104_sparse_sparsevlm_style.png,COCO_val2014_000000157084.jpg,data/kaggle_datasets/POPE/val2014/COCO_val2014_000000157084.jpg,Is there a bench in the image?,yes,no,66,66,24,24,17,17,SparseVLM-paper-style faded mask using explicit retained original-patch indices from layer_token_stats; merged/recycled tokens are not shown.
256,POPE_random_104,pope,random_104,ours,Ours-64,outputs/stage7/figures/0256_POPE_random_104_ours_sparsevlm_style.png,COCO_val2014_000000157084.jpg,data/kaggle_datasets/POPE/val2014/COCO_val2014_000000157084.jpg,Is there a bench in the image?,yes,yes,66,66,25,25,16,16,SparseVLM-paper-style faded mask using explicit retained original-patch indices from layer_token_stats; merged/recycled tokens are not shown.
256,POPE_random_104,pope,random_104,threshold,Threshold-Fixed-64,outputs/stage7/figures/0256_POPE_random_104_threshold_sparsevlm_style.png,COCO_val2014_000000157084.jpg,data/kaggle_datasets/POPE/val2014/COCO_val2014_000000157084.jpg,Is there a bench in the image?,yes,yes,66,66,23,23,16,16,SparseVLM-paper-style faded mask using explicit retained original-patch indices from layer_token_stats; merged/recycled tokens are not shown.
257,GQA_10369161,gqa,10369161,sparse,SparseVLM-Original-64,outputs/stage7/figures/0257_GQA_10369161_sparse_sparsevlm_style.png,2392875.jpg,data/kaggle_datasets/GQA/images/2392875.jpg,What type of fruit is to the left of the tray that leans on the wall?,peach,Avocado,66,66,24,24,14,14,SparseVLM-paper-style faded mask using explicit retained original-patch indices from layer_token_stats; merged/recycled tokens are not shown.
257,GQA_10369161,gqa,10369161,ours,Ours-64,outputs/stage7/figures/0257_GQA_10369161_ours_sparsevlm_style.png,2392875.jpg,data/kaggle_datasets/GQA/images/2392875.jpg,What type of fruit is to the left of the tray that leans on the wall?,peach,Peach,66,66,23,23,12,12,SparseVLM-paper-style faded mask using explicit retained original-patch indices from layer_token_stats; merged/recycled tokens are not shown.
257,GQA_10369161,gqa,10369161,threshold,Threshold-Fixed-64,outputs/stage7/figures/0257_GQA_10369161_threshold_sparsevlm_style.png,2392875.jpg,data/kaggle_datasets/GQA/images/2392875.jpg,What type of fruit is to the left of the tray that leans on the wall?,peach,Peach,66,66,25,25,16,16,SparseVLM-paper-style faded mask using explicit retained original-patch indices from layer_token_stats; merged/recycled tokens are not shown.
258,GQA_15825125,gqa,15825125,sparse,SparseVLM-Original-64,outputs/stage7/figures/0258_GQA_15825125_sparse_sparsevlm_style.png,955.jpg,data/kaggle_datasets/GQA/images/955.jpg,On what is the white animal sitting?,chair,Bench,66,66,21,21,12,12,SparseVLM-paper-style faded mask using explicit retained original-patch indices from layer_token_stats; merged/recycled tokens are not shown.
258,GQA_15825125,gqa,15825125,ours,Ours-64,outputs/stage7/figures/0258_GQA_15825125_ours_sparsevlm_style.png,955.jpg,data/kaggle_datasets/GQA/images/955.jpg,On what is the white animal sitting?,chair,Chair,66,66,25,25,14,14,SparseVLM-paper-style faded mask using explicit retained original-patch indices from layer_token_stats; merged/recycled tokens are not shown.
258,GQA_15825125,gqa,15825125,threshold,Threshold-Fixed-64,outputs/stage7/figures/0258_GQA_15825125_threshold_sparsevlm_style.png,955.jpg,data/kaggle_datasets/GQA/images/955.jpg,On what is the white animal sitting?,chair,Chair,66,66,25,25,14,14,SparseVLM-paper-style faded mask using explicit retained original-patch indices from layer_token_stats; merged/recycled tokens are not shown.
260,GQA_0435047,gqa,0435047,sparse,SparseVLM-Original-64,outputs/stage7/figures/0260_GQA_0435047_sparse_sparsevlm_style.png,2362120.jpg,data/kaggle_datasets/GQA/images/2362120.jpg,Is the black suitcase to the left or to the right of the man that is holding the bag?,right,Left,66,66,26,26,13,13,SparseVLM-paper-style faded mask using explicit retained original-patch indices from layer_token_stats; merged/recycled tokens are not shown.
260,GQA_0435047,gqa,0435047,ours,Ours-64,outputs/stage7/figures/0260_GQA_0435047_ours_sparsevlm_style.png,2362120.jpg,data/kaggle_datasets/GQA/images/2362120.jpg,Is the black suitcase to the left or to the right of the man that is holding the bag?,right,Right,66,66,25,25,16,16,SparseVLM-paper-style faded mask using explicit retained original-patch indices from layer_token_stats; merged/recycled tokens are not shown.
260,GQA_0435047,gqa,0435047,threshold,Threshold-Fixed-64,outputs/stage7/figures/0260_GQA_0435047_threshold_sparsevlm_style.png,2362120.jpg,data/kaggle_datasets/GQA/images/2362120.jpg,Is the black suitcase to the left or to the right of the man that is holding the bag?,right,Right,66,66,26,26,13,13,SparseVLM-paper-style faded mask using explicit retained original-patch indices from layer_token_stats; merged/recycled tokens are not shown.
266,GQA_00223209,gqa,00223209,sparse,SparseVLM-Original-64,outputs/stage7/figures/0266_GQA_00223209_sparse_sparsevlm_style.png,2360994.jpg,data/kaggle_datasets/GQA/images/2360994.jpg,The hair is of what color?,blond,Black,66,66,24,24,16,16,SparseVLM-paper-style faded mask using explicit retained original-patch indices from layer_token_stats; merged/recycled tokens are not shown.
266,GQA_00223209,gqa,00223209,ours,Ours-64,outputs/stage7/figures/0266_GQA_00223209_ours_sparsevlm_style.png,2360994.jpg,data/kaggle_datasets/GQA/images/2360994.jpg,The hair is of what color?,blond,Blond,66,66,26,26,16,16,SparseVLM-paper-style faded mask using explicit retained original-patch indices from layer_token_stats; merged/recycled tokens are not shown.
266,GQA_00223209,gqa,00223209,threshold,Threshold-Fixed-64,outputs/stage7/figures/0266_GQA_00223209_threshold_sparsevlm_style.png,2360994.jpg,data/kaggle_datasets/GQA/images/2360994.jpg,The hair is of what color?,blond,Blond,66,66,26,26,14,14,SparseVLM-paper-style faded mask using explicit retained original-patch indices from layer_token_stats; merged/recycled tokens are not shown.
267,GQA_01106981,gqa,01106981,sparse,SparseVLM-Original-64,outputs/stage7/figures/0267_GQA_01106981_sparse_sparsevlm_style.png,2356598.jpg,data/kaggle_datasets/GQA/images/2356598.jpg,"In which part of the photo is the man, the top or the bottom?",top,Bottom,66,66,25,25,16,16,SparseVLM-paper-style faded mask using explicit retained original-patch indices from layer_token_stats; merged/recycled tokens are not shown.
267,GQA_01106981,gqa,01106981,ours,Ours-64,outputs/stage7/figures/0267_GQA_01106981_ours_sparsevlm_style.png,2356598.jpg,data/kaggle_datasets/GQA/images/2356598.jpg,"In which part of the photo is the man, the top or the bottom?",top,Top,66,66,25,25,16,16,SparseVLM-paper-style faded mask using explicit retained original-patch indices from layer_token_stats; merged/recycled tokens are not shown.
267,GQA_01106981,gqa,01106981,threshold,Threshold-Fixed-64,outputs/stage7/figures/0267_GQA_01106981_threshold_sparsevlm_style.png,2356598.jpg,data/kaggle_datasets/GQA/images/2356598.jpg,"In which part of the photo is the man, the top or the bottom?",top,Top,66,66,24,24,13,13,SparseVLM-paper-style faded mask using explicit retained original-patch indices from layer_token_stats; merged/recycled tokens are not shown.
270,GQA_04800740,gqa,04800740,sparse,SparseVLM-Original-64,outputs/stage7/figures/0270_GQA_04800740_sparse_sparsevlm_style.png,2366663.jpg,data/kaggle_datasets/GQA/images/2366663.jpg,Who is wearing shorts?,girl,Man,66,66,26,26,16,16,SparseVLM-paper-style faded mask using explicit retained original-patch indices from layer_token_stats; merged/recycled tokens are not shown.
270,GQA_04800740,gqa,04800740,ours,Ours-64,outputs/stage7/figures/0270_GQA_04800740_ours_sparsevlm_style.png,2366663.jpg,data/kaggle_datasets/GQA/images/2366663.jpg,Who is wearing shorts?,girl,Girl,66,66,29,29,16,16,SparseVLM-paper-style faded mask using explicit retained original-patch indices from layer_token_stats; merged/recycled tokens are not shown.
270,GQA_04800740,gqa,04800740,threshold,Threshold-Fixed-64,outputs/stage7/figures/0270_GQA_04800740_threshold_sparsevlm_style.png,2366663.jpg,data/kaggle_datasets/GQA/images/2366663.jpg,Who is wearing shorts?,girl,Girl,66,66,29,29,17,17,SparseVLM-paper-style faded mask using explicit retained original-patch indices from layer_token_stats; merged/recycled tokens are not shown.
271,GQA_10595216,gqa,10595216,sparse,SparseVLM-Original-64,outputs/stage7/figures/0271_GQA_10595216_sparse_sparsevlm_style.png,2404396.jpg,data/kaggle_datasets/GQA/images/2404396.jpg,The grass is where?,yard,Ground,66,66,26,26,16,16,SparseVLM-paper-style faded mask using explicit retained original-patch indices from layer_token_stats; merged/recycled tokens are not shown.
271,GQA_10595216,gqa,10595216,ours,Ours-64,outputs/stage7/figures/0271_GQA_10595216_ours_sparsevlm_style.png,2404396.jpg,data/kaggle_datasets/GQA/images/2404396.jpg,The grass is where?,yard,Yard,66,66,24,24,16,16,SparseVLM-paper-style faded mask using explicit retained original-patch indices from layer_token_stats; merged/recycled tokens are not shown.
271,GQA_10595216,gqa,10595216,threshold,Threshold-Fixed-64,outputs/stage7/figures/0271_GQA_10595216_threshold_sparsevlm_style.png,2404396.jpg,data/kaggle_datasets/GQA/images/2404396.jpg,The grass is where?,yard,Yard,66,66,24,24,12,12,SparseVLM-paper-style faded mask using explicit retained original-patch indices from layer_token_stats; merged/recycled tokens are not shown.
272,GQA_13831934,gqa,13831934,sparse,SparseVLM-Original-64,outputs/stage7/figures/0272_GQA_13831934_sparse_sparsevlm_style.png,2355250.jpg,data/kaggle_datasets/GQA/images/2355250.jpg,Is the fence to the right or to the left of the giraffe in the zoo?,right,Left,66,66,29,29,16,16,SparseVLM-paper-style faded mask using explicit retained original-patch indices from layer_token_stats; merged/recycled tokens are not shown.
272,GQA_13831934,gqa,13831934,ours,Ours-64,outputs/stage7/figures/0272_GQA_13831934_ours_sparsevlm_style.png,2355250.jpg,data/kaggle_datasets/GQA/images/2355250.jpg,Is the fence to the right or to the left of the giraffe in the zoo?,right,Right,66,66,27,27,16,16,SparseVLM-paper-style faded mask using explicit retained original-patch indices from layer_token_stats; merged/recycled tokens are not shown.
272,GQA_13831934,gqa,13831934,threshold,Threshold-Fixed-64,outputs/stage7/figures/0272_GQA_13831934_threshold_sparsevlm_style.png,2355250.jpg,data/kaggle_datasets/GQA/images/2355250.jpg,Is the fence to the right or to the left of the giraffe in the zoo?,right,Right,66,66,29,29,17,17,SparseVLM-paper-style faded mask using explicit retained original-patch indices from layer_token_stats; merged/recycled tokens are not shown.
273,GQA_15163893,gqa,15163893,sparse,SparseVLM-Original-64,outputs/stage7/figures/0273_GQA_15163893_sparse_sparsevlm_style.png,2395309.jpg,data/kaggle_datasets/GQA/images/2395309.jpg,Is the woman to the right of the utensil holding wine?,no,Yes,66,66,28,28,17,17,SparseVLM-paper-style faded mask using explicit retained original-patch indices from layer_token_stats; merged/recycled tokens are not shown.
273,GQA_15163893,gqa,15163893,ours,Ours-64,outputs/stage7/figures/0273_GQA_15163893_ours_sparsevlm_style.png,2395309.jpg,data/kaggle_datasets/GQA/images/2395309.jpg,Is the woman to the right of the utensil holding wine?,no,No,66,66,28,28,15,15,SparseVLM-paper-style faded mask using explicit retained original-patch indices from layer_token_stats; merged/recycled tokens are not shown.
273,GQA_15163893,gqa,15163893,threshold,Threshold-Fixed-64,outputs/stage7/figures/0273_GQA_15163893_threshold_sparsevlm_style.png,2395309.jpg,data/kaggle_datasets/GQA/images/2395309.jpg,Is the woman to the right of the utensil holding wine?,no,No,66,66,27,27,16,16,SparseVLM-paper-style faded mask using explicit retained original-patch indices from layer_token_stats; merged/recycled tokens are not shown.
274,GQA_15884411,gqa,15884411,sparse,SparseVLM-Original-64,outputs/stage7/figures/0274_GQA_15884411_sparse_sparsevlm_style.png,2386425.jpg,data/kaggle_datasets/GQA/images/2386425.jpg,What is the vehicle that is on the street?,bus,Car,66,66,26,26,16,16,SparseVLM-paper-style faded mask using explicit retained original-patch indices from layer_token_stats; merged/recycled tokens are not shown.
274,GQA_15884411,gqa,15884411,ours,Ours-64,outputs/stage7/figures/0274_GQA_15884411_ours_sparsevlm_style.png,2386425.jpg,data/kaggle_datasets/GQA/images/2386425.jpg,What is the vehicle that is on the street?,bus,Bus,66,66,25,25,16,16,SparseVLM-paper-style faded mask using explicit retained original-patch indices from layer_token_stats; merged/recycled tokens are not shown.
274,GQA_15884411,gqa,15884411,threshold,Threshold-Fixed-64,outputs/stage7/figures/0274_GQA_15884411_threshold_sparsevlm_style.png,2386425.jpg,data/kaggle_datasets/GQA/images/2386425.jpg,What is the vehicle that is on the street?,bus,Bus,66,66,28,28,14,14,SparseVLM-paper-style faded mask using explicit retained original-patch indices from layer_token_stats; merged/recycled tokens are not shown.
275,GQA_17836627,gqa,17836627,sparse,SparseVLM-Original-64,outputs/stage7/figures/0275_GQA_17836627_sparse_sparsevlm_style.png,2391143.jpg,data/kaggle_datasets/GQA/images/2391143.jpg,On which side of the picture are the curtains?,right,Left,66,66,27,27,16,16,SparseVLM-paper-style faded mask using explicit retained original-patch indices from layer_token_stats; merged/recycled tokens are not shown.
275,GQA_17836627,gqa,17836627,ours,Ours-64,outputs/stage7/figures/0275_GQA_17836627_ours_sparsevlm_style.png,2391143.jpg,data/kaggle_datasets/GQA/images/2391143.jpg,On which side of the picture are the curtains?,right,Right,66,66,26,26,16,16,SparseVLM-paper-style faded mask using explicit retained original-patch indices from layer_token_stats; merged/recycled tokens are not shown.
275,GQA_17836627,gqa,17836627,threshold,Threshold-Fixed-64,outputs/stage7/figures/0275_GQA_17836627_threshold_sparsevlm_style.png,2391143.jpg,data/kaggle_datasets/GQA/images/2391143.jpg,On which side of the picture are the curtains?,right,Right,66,66,26,26,14,14,SparseVLM-paper-style faded mask using explicit retained original-patch indices from layer_token_stats; merged/recycled tokens are not shown.
278,GQA_19535561,gqa,19535561,sparse,SparseVLM-Original-64,outputs/stage7/figures/0278_GQA_19535561_sparse_sparsevlm_style.png,2336202.jpg,data/kaggle_datasets/GQA/images/2336202.jpg,Where is the horse?,beach,In front,66,66,22,22,16,16,SparseVLM-paper-style faded mask using explicit retained original-patch indices from layer_token_stats; merged/recycled tokens are not shown.
278,GQA_19535561,gqa,19535561,ours,Ours-64,outputs/stage7/figures/0278_GQA_19535561_ours_sparsevlm_style.png,2336202.jpg,data/kaggle_datasets/GQA/images/2336202.jpg,Where is the horse?,beach,Beach,66,66,26,26,16,16,SparseVLM-paper-style faded mask using explicit retained original-patch indices from layer_token_stats; merged/recycled tokens are not shown.
278,GQA_19535561,gqa,19535561,threshold,Threshold-Fixed-64,outputs/stage7/figures/0278_GQA_19535561_threshold_sparsevlm_style.png,2336202.jpg,data/kaggle_datasets/GQA/images/2336202.jpg,Where is the horse?,beach,Beach,66,66,28,28,16,16,SparseVLM-paper-style faded mask using explicit retained original-patch indices from layer_token_stats; merged/recycled tokens are not shown.
284,GQA_09759805,gqa,09759805,sparse,SparseVLM-Original-64,outputs/stage7/figures/0284_GQA_09759805_sparse_sparsevlm_style.png,2340459.jpg,data/kaggle_datasets/GQA/images/2340459.jpg,Which side of the image is the girl on?,right,Left,66,66,24,24,14,14,SparseVLM-paper-style faded mask using explicit retained original-patch indices from layer_token_stats; merged/recycled tokens are not shown.
284,GQA_09759805,gqa,09759805,ours,Ours-64,outputs/stage7/figures/0284_GQA_09759805_ours_sparsevlm_style.png,2340459.jpg,data/kaggle_datasets/GQA/images/2340459.jpg,Which side of the image is the girl on?,right,Right,66,66,23,23,14,14,SparseVLM-paper-style faded mask using explicit retained original-patch indices from layer_token_stats; merged/recycled tokens are not shown.
284,GQA_09759805,gqa,09759805,threshold,Threshold-Fixed-64,outputs/stage7/figures/0284_GQA_09759805_threshold_sparsevlm_style.png,2340459.jpg,data/kaggle_datasets/GQA/images/2340459.jpg,Which side of the image is the girl on?,right,Right,66,66,25,25,15,15,SparseVLM-paper-style faded mask using explicit retained original-patch indices from layer_token_stats; merged/recycled tokens are not shown.
286,GQA_02148815,gqa,02148815,sparse,SparseVLM-Original-64,outputs/stage7/figures/0286_GQA_02148815_sparse_sparsevlm_style.png,2395042.jpg,data/kaggle_datasets/GQA/images/2395042.jpg,Is the truck to the left or to the right of the vehicle that is parked near the street?,left,Right,66,66,27,27,14,14,SparseVLM-paper-style faded mask using explicit retained original-patch indices from layer_token_stats; merged/recycled tokens are not shown.
286,GQA_02148815,gqa,02148815,ours,Ours-64,outputs/stage7/figures/0286_GQA_02148815_ours_sparsevlm_style.png,2395042.jpg,data/kaggle_datasets/GQA/images/2395042.jpg,Is the truck to the left or to the right of the vehicle that is parked near the street?,left,Left,66,66,27,27,17,17,SparseVLM-paper-style faded mask using explicit retained original-patch indices from layer_token_stats; merged/recycled tokens are not shown.
286,GQA_02148815,gqa,02148815,threshold,Threshold-Fixed-64,outputs/stage7/figures/0286_GQA_02148815_threshold_sparsevlm_style.png,2395042.jpg,data/kaggle_datasets/GQA/images/2395042.jpg,Is the truck to the left or to the right of the vehicle that is parked near the street?,left,Left,66,66,29,29,16,16,SparseVLM-paper-style faded mask using explicit retained original-patch indices from layer_token_stats; merged/recycled tokens are not shown.
287,GQA_0660580,gqa,0660580,sparse,SparseVLM-Original-64,outputs/stage7/figures/0287_GQA_0660580_sparse_sparsevlm_style.png,2386438.jpg,data/kaggle_datasets/GQA/images/2386438.jpg,The person to the left of the scissors is sitting on what?,rug,Floor,66,66,26,26,15,15,SparseVLM-paper-style faded mask using explicit retained original-patch indices from layer_token_stats; merged/recycled tokens are not shown.
287,GQA_0660580,gqa,0660580,ours,Ours-64,outputs/stage7/figures/0287_GQA_0660580_ours_sparsevlm_style.png,2386438.jpg,data/kaggle_datasets/GQA/images/2386438.jpg,The person to the left of the scissors is sitting on what?,rug,Rug,66,66,25,25,16,16,SparseVLM-paper-style faded mask using explicit retained original-patch indices from layer_token_stats; merged/recycled tokens are not shown.
287,GQA_0660580,gqa,0660580,threshold,Threshold-Fixed-64,outputs/stage7/figures/0287_GQA_0660580_threshold_sparsevlm_style.png,2386438.jpg,data/kaggle_datasets/GQA/images/2386438.jpg,The person to the left of the scissors is sitting on what?,rug,Rug,66,66,29,29,17,17,SparseVLM-paper-style faded mask using explicit retained original-patch indices from layer_token_stats; merged/recycled tokens are not shown.
288,GQA_08264127,gqa,08264127,sparse,SparseVLM-Original-64,outputs/stage7/figures/0288_GQA_08264127_sparse_sparsevlm_style.png,2320421.jpg,data/kaggle_datasets/GQA/images/2320421.jpg,Are there both windows and doors in the photo?,yes,No,66,66,28,28,16,16,SparseVLM-paper-style faded mask using explicit retained original-patch indices from layer_token_stats; merged/recycled tokens are not shown.
288,GQA_08264127,gqa,08264127,ours,Ours-64,outputs/stage7/figures/0288_GQA_08264127_ours_sparsevlm_style.png,2320421.jpg,data/kaggle_datasets/GQA/images/2320421.jpg,Are there both windows and doors in the photo?,yes,Yes,66,66,25,25,15,15,SparseVLM-paper-style faded mask using explicit retained original-patch indices from layer_token_stats; merged/recycled tokens are not shown.
288,GQA_08264127,gqa,08264127,threshold,Threshold-Fixed-64,outputs/stage7/figures/0288_GQA_08264127_threshold_sparsevlm_style.png,2320421.jpg,data/kaggle_datasets/GQA/images/2320421.jpg,Are there both windows and doors in the photo?,yes,Yes,66,66,24,24,14,14,SparseVLM-paper-style faded mask using explicit retained original-patch indices from layer_token_stats; merged/recycled tokens are not shown.
290,GQA_05856352,gqa,05856352,sparse,SparseVLM-Original-64,outputs/stage7/figures/0290_GQA_05856352_sparse_sparsevlm_style.png,2355023.jpg,data/kaggle_datasets/GQA/images/2355023.jpg,Is there a bag to the left of the man that is pushing the luggage?,yes,No,66,66,29,29,17,17,SparseVLM-paper-style faded mask using explicit retained original-patch indices from layer_token_stats; merged/recycled tokens are not shown.
290,GQA_05856352,gqa,05856352,ours,Ours-64,outputs/stage7/figures/0290_GQA_05856352_ours_sparsevlm_style.png,2355023.jpg,data/kaggle_datasets/GQA/images/2355023.jpg,Is there a bag to the left of the man that is pushing the luggage?,yes,Yes,66,66,29,29,17,17,SparseVLM-paper-style faded mask using explicit retained original-patch indices from layer_token_stats; merged/recycled tokens are not shown.
290,GQA_05856352,gqa,05856352,threshold,Threshold-Fixed-64,outputs/stage7/figures/0290_GQA_05856352_threshold_sparsevlm_style.png,2355023.jpg,data/kaggle_datasets/GQA/images/2355023.jpg,Is there a bag to the left of the man that is pushing the luggage?,yes,Yes,66,66,30,30,17,17,SparseVLM-paper-style faded mask using explicit retained original-patch indices from layer_token_stats; merged/recycled tokens are not shown.
291,GQA_06792703,gqa,06792703,sparse,SparseVLM-Original-64,outputs/stage7/figures/0291_GQA_06792703_sparse_sparsevlm_style.png,2404878.jpg,data/kaggle_datasets/GQA/images/2404878.jpg,Who is in front of the sink?,boy,Man,66,66,29,29,17,17,SparseVLM-paper-style faded mask using explicit retained original-patch indices from layer_token_stats; merged/recycled tokens are not shown.
291,GQA_06792703,gqa,06792703,ours,Ours-64,outputs/stage7/figures/0291_GQA_06792703_ours_sparsevlm_style.png,2404878.jpg,data/kaggle_datasets/GQA/images/2404878.jpg,Who is in front of the sink?,boy,Boy,66,66,28,28,17,17,SparseVLM-paper-style faded mask using explicit retained original-patch indices from layer_token_stats; merged/recycled tokens are not shown.
291,GQA_06792703,gqa,06792703,threshold,Threshold-Fixed-64,outputs/stage7/figures/0291_GQA_06792703_threshold_sparsevlm_style.png,2404878.jpg,data/kaggle_datasets/GQA/images/2404878.jpg,Who is in front of the sink?,boy,Boy,66,66,30,30,17,17,SparseVLM-paper-style faded mask using explicit retained original-patch indices from layer_token_stats; merged/recycled tokens are not shown.
294,GQA_00314249,gqa,00314249,sparse,SparseVLM-Original-64,outputs/stage7/figures/0294_GQA_00314249_sparse_sparsevlm_style.png,2357167.jpg,data/kaggle_datasets/GQA/images/2357167.jpg,What is the stop sign in front of?,bridge,Building,66,66,27,27,15,15,SparseVLM-paper-style faded mask using explicit retained original-patch indices from layer_token_stats; merged/recycled tokens are not shown.
294,GQA_00314249,gqa,00314249,ours,Ours-64,outputs/stage7/figures/0294_GQA_00314249_ours_sparsevlm_style.png,2357167.jpg,data/kaggle_datasets/GQA/images/2357167.jpg,What is the stop sign in front of?,bridge,Bridge,66,66,24,24,15,15,SparseVLM-paper-style faded mask using explicit retained original-patch indices from layer_token_stats; merged/recycled tokens are not shown.
294,GQA_00314249,gqa,00314249,threshold,Threshold-Fixed-64,outputs/stage7/figures/0294_GQA_00314249_threshold_sparsevlm_style.png,2357167.jpg,data/kaggle_datasets/GQA/images/2357167.jpg,What is the stop sign in front of?,bridge,Bridge,66,66,26,26,13,13,SparseVLM-paper-style faded mask using explicit retained original-patch indices from layer_token_stats; merged/recycled tokens are not shown.
295,GQA_02333625,gqa,02333625,sparse,SparseVLM-Original-64,outputs/stage7/figures/0295_GQA_02333625_sparse_sparsevlm_style.png,1925.jpg,data/kaggle_datasets/GQA/images/1925.jpg,Do you see any wet grass or sand?,yes,No,66,66,28,28,16,16,SparseVLM-paper-style faded mask using explicit retained original-patch indices from layer_token_stats; merged/recycled tokens are not shown.
295,GQA_02333625,gqa,02333625,ours,Ours-64,outputs/stage7/figures/0295_GQA_02333625_ours_sparsevlm_style.png,1925.jpg,data/kaggle_datasets/GQA/images/1925.jpg,Do you see any wet grass or sand?,yes,Yes,66,66,23,23,14,14,SparseVLM-paper-style faded mask using explicit retained original-patch indices from layer_token_stats; merged/recycled tokens are not shown.
295,GQA_02333625,gqa,02333625,threshold,Threshold-Fixed-64,outputs/stage7/figures/0295_GQA_02333625_threshold_sparsevlm_style.png,1925.jpg,data/kaggle_datasets/GQA/images/1925.jpg,Do you see any wet grass or sand?,yes,Yes,66,66,27,27,15,15,SparseVLM-paper-style faded mask using explicit retained original-patch indices from layer_token_stats; merged/recycled tokens are not shown.
296,GQA_03509861,gqa,03509861,sparse,SparseVLM-Original-64,outputs/stage7/figures/0296_GQA_03509861_sparse_sparsevlm_style.png,2337339.jpg,data/kaggle_datasets/GQA/images/2337339.jpg,What is the vegetable that is to the right of the meat in the top part?,broccoli,Carrot,66,66,25,25,15,15,SparseVLM-paper-style faded mask using explicit retained original-patch indices from layer_token_stats; merged/recycled tokens are not shown.
296,GQA_03509861,gqa,03509861,ours,Ours-64,outputs/stage7/figures/0296_GQA_03509861_ours_sparsevlm_style.png,2337339.jpg,data/kaggle_datasets/GQA/images/2337339.jpg,What is the vegetable that is to the right of the meat in the top part?,broccoli,Broccoli,66,66,28,28,15,15,SparseVLM-paper-style faded mask using explicit retained original-patch indices from layer_token_stats; merged/recycled tokens are not shown.
296,GQA_03509861,gqa,03509861,threshold,Threshold-Fixed-64,outputs/stage7/figures/0296_GQA_03509861_threshold_sparsevlm_style.png,2337339.jpg,data/kaggle_datasets/GQA/images/2337339.jpg,What is the vegetable that is to the right of the meat in the top part?,broccoli,Broccoli,66,66,28,28,16,16,SparseVLM-paper-style faded mask using explicit retained original-patch indices from layer_token_stats; merged/recycled tokens are not shown.
297,GQA_06314509,gqa,06314509,sparse,SparseVLM-Original-64,outputs/stage7/figures/0297_GQA_06314509_sparse_sparsevlm_style.png,2371628.jpg,data/kaggle_datasets/GQA/images/2371628.jpg,What is the animal to the left of the goat that is of the fence?,horse,Cow,66,66,26,26,16,16,SparseVLM-paper-style faded mask using explicit retained original-patch indices from layer_token_stats; merged/recycled tokens are not shown.
297,GQA_06314509,gqa,06314509,ours,Ours-64,outputs/stage7/figures/0297_GQA_06314509_ours_sparsevlm_style.png,2371628.jpg,data/kaggle_datasets/GQA/images/2371628.jpg,What is the animal to the left of the goat that is of the fence?,horse,Horse,66,66,29,29,17,17,SparseVLM-paper-style faded mask using explicit retained original-patch indices from layer_token_stats; merged/recycled tokens are not shown.
297,GQA_06314509,gqa,06314509,threshold,Threshold-Fixed-64,outputs/stage7/figures/0297_GQA_06314509_threshold_sparsevlm_style.png,2371628.jpg,data/kaggle_datasets/GQA/images/2371628.jpg,What is the animal to the left of the goat that is of the fence?,horse,Horse,66,66,30,30,17,17,SparseVLM-paper-style faded mask using explicit retained original-patch indices from layer_token_stats; merged/recycled tokens are not shown.
298,GQA_06412953,gqa,06412953,sparse,SparseVLM-Original-64,outputs/stage7/figures/0298_GQA_06412953_sparse_sparsevlm_style.png,2397559.jpg,data/kaggle_datasets/GQA/images/2397559.jpg,Is the house on the left side?,yes,No,66,66,29,29,17,17,SparseVLM-paper-style faded mask using explicit retained original-patch indices from layer_token_stats; merged/recycled tokens are not shown.
298,GQA_06412953,gqa,06412953,ours,Ours-64,outputs/stage7/figures/0298_GQA_06412953_ours_sparsevlm_style.png,2397559.jpg,data/kaggle_datasets/GQA/images/2397559.jpg,Is the house on the left side?,yes,Yes,66,66,30,30,16,16,SparseVLM-paper-style faded mask using explicit retained original-patch indices from layer_token_stats; merged/recycled tokens are not shown.
298,GQA_06412953,gqa,06412953,threshold,Threshold-Fixed-64,outputs/stage7/figures/0298_GQA_06412953_threshold_sparsevlm_style.png,2397559.jpg,data/kaggle_datasets/GQA/images/2397559.jpg,Is the house on the left side?,yes,Yes,66,66,28,28,16,16,SparseVLM-paper-style faded mask using explicit retained original-patch indices from layer_token_stats; merged/recycled tokens are not shown.
300,GQA_06975446,gqa,06975446,sparse,SparseVLM-Original-64,outputs/stage7/figures/0300_GQA_06975446_sparse_sparsevlm_style.png,2392185.jpg,data/kaggle_datasets/GQA/images/2392185.jpg,Are there blue bikes in the image?,yes,No,66,66,30,30,17,17,SparseVLM-paper-style faded mask using explicit retained original-patch indices from layer_token_stats; merged/recycled tokens are not shown.
300,GQA_06975446,gqa,06975446,ours,Ours-64,outputs/stage7/figures/0300_GQA_06975446_ours_sparsevlm_style.png,2392185.jpg,data/kaggle_datasets/GQA/images/2392185.jpg,Are there blue bikes in the image?,yes,Yes,66,66,29,29,16,16,SparseVLM-paper-style faded mask using explicit retained original-patch indices from layer_token_stats; merged/recycled tokens are not shown.
300,GQA_06975446,gqa,06975446,threshold,Threshold-Fixed-64,outputs/stage7/figures/0300_GQA_06975446_threshold_sparsevlm_style.png,2392185.jpg,data/kaggle_datasets/GQA/images/2392185.jpg,Are there blue bikes in the image?,yes,Yes,66,66,30,30,17,17,SparseVLM-paper-style faded mask using explicit retained original-patch indices from layer_token_stats; merged/recycled tokens are not shown.
303,GQA_12771158,gqa,12771158,sparse,SparseVLM-Original-64,outputs/stage7/figures/0303_GQA_12771158_sparse_sparsevlm_style.png,2316106.jpg,data/kaggle_datasets/GQA/images/2316106.jpg,Is the black stove to the left or to the right of the bottle that is in front of the power outlet?,left,Right,66,66,26,26,13,13,SparseVLM-paper-style faded mask using explicit retained original-patch indices from layer_token_stats; merged/recycled tokens are not shown.
303,GQA_12771158,gqa,12771158,ours,Ours-64,outputs/stage7/figures/0303_GQA_12771158_ours_sparsevlm_style.png,2316106.jpg,data/kaggle_datasets/GQA/images/2316106.jpg,Is the black stove to the left or to the right of the bottle that is in front of the power outlet?,left,Left,66,66,26,26,17,17,SparseVLM-paper-style faded mask using explicit retained original-patch indices from layer_token_stats; merged/recycled tokens are not shown.
303,GQA_12771158,gqa,12771158,threshold,Threshold-Fixed-64,outputs/stage7/figures/0303_GQA_12771158_threshold_sparsevlm_style.png,2316106.jpg,data/kaggle_datasets/GQA/images/2316106.jpg,Is the black stove to the left or to the right of the bottle that is in front of the power outlet?,left,Left,66,66,29,29,17,17,SparseVLM-paper-style faded mask using explicit retained original-patch indices from layer_token_stats; merged/recycled tokens are not shown.
305,GQA_17860928,gqa,17860928,sparse,SparseVLM-Original-64,outputs/stage7/figures/0305_GQA_17860928_sparse_sparsevlm_style.png,2386254.jpg,data/kaggle_datasets/GQA/images/2386254.jpg,What is the cat on?,bench,Ground,66,66,27,27,14,14,SparseVLM-paper-style faded mask using explicit retained original-patch indices from layer_token_stats; merged/recycled tokens are not shown.
305,GQA_17860928,gqa,17860928,ours,Ours-64,outputs/stage7/figures/0305_GQA_17860928_ours_sparsevlm_style.png,2386254.jpg,data/kaggle_datasets/GQA/images/2386254.jpg,What is the cat on?,bench,Bench,66,66,26,26,16,16,SparseVLM-paper-style faded mask using explicit retained original-patch indices from layer_token_stats; merged/recycled tokens are not shown.
305,GQA_17860928,gqa,17860928,threshold,Threshold-Fixed-64,outputs/stage7/figures/0305_GQA_17860928_threshold_sparsevlm_style.png,2386254.jpg,data/kaggle_datasets/GQA/images/2386254.jpg,What is the cat on?,bench,Bench,66,66,25,25,14,14,SparseVLM-paper-style faded mask using explicit retained original-patch indices from layer_token_stats; merged/recycled tokens are not shown.
306,GQA_19466900,gqa,19466900,sparse,SparseVLM-Original-64,outputs/stage7/figures/0306_GQA_19466900_sparse_sparsevlm_style.png,2409285.jpg,data/kaggle_datasets/GQA/images/2409285.jpg,Does the paper container have white color?,yes,No,66,66,24,24,14,14,SparseVLM-paper-style faded mask using explicit retained original-patch indices from layer_token_stats; merged/recycled tokens are not shown.
306,GQA_19466900,gqa,19466900,ours,Ours-64,outputs/stage7/figures/0306_GQA_19466900_ours_sparsevlm_style.png,2409285.jpg,data/kaggle_datasets/GQA/images/2409285.jpg,Does the paper container have white color?,yes,Yes,66,66,22,22,13,13,SparseVLM-paper-style faded mask using explicit retained original-patch indices from layer_token_stats; merged/recycled tokens are not shown.
306,GQA_19466900,gqa,19466900,threshold,Threshold-Fixed-64,outputs/stage7/figures/0306_GQA_19466900_threshold_sparsevlm_style.png,2409285.jpg,data/kaggle_datasets/GQA/images/2409285.jpg,Does the paper container have white color?,yes,Yes,66,66,23,23,13,13,SparseVLM-paper-style faded mask using explicit retained original-patch indices from layer_token_stats; merged/recycled tokens are not shown.
307,POPE_adversarial_177,pope,adversarial_177,sparse,SparseVLM-Original-64,outputs/stage7/figures/0307_POPE_adversarial_177_sparse_sparsevlm_style.png,COCO_val2014_000000288639.jpg,data/kaggle_datasets/POPE/val2014/COCO_val2014_000000288639.jpg,Is there a toothbrush in the image?,yes,no,66,66,25,25,16,16,SparseVLM-paper-style faded mask using explicit retained original-patch indices from layer_token_stats; merged/recycled tokens are not shown.
307,POPE_adversarial_177,pope,adversarial_177,ours,Ours-64,outputs/stage7/figures/0307_POPE_adversarial_177_ours_sparsevlm_style.png,COCO_val2014_000000288639.jpg,data/kaggle_datasets/POPE/val2014/COCO_val2014_000000288639.jpg,Is there a toothbrush in the image?,yes,yes,66,66,24,24,14,14,SparseVLM-paper-style faded mask using explicit retained original-patch indices from layer_token_stats; merged/recycled tokens are not shown.
307,POPE_adversarial_177,pope,adversarial_177,threshold,Threshold-Fixed-64,outputs/stage7/figures/0307_POPE_adversarial_177_threshold_sparsevlm_style.png,COCO_val2014_000000288639.jpg,data/kaggle_datasets/POPE/val2014/COCO_val2014_000000288639.jpg,Is there a toothbrush in the image?,yes,yes,66,66,27,27,15,15,SparseVLM-paper-style faded mask using explicit retained original-patch indices from layer_token_stats; merged/recycled tokens are not shown.
310,POPE_popular_177,pope,popular_177,sparse,SparseVLM-Original-64,outputs/stage7/figures/0310_POPE_popular_177_sparse_sparsevlm_style.png,COCO_val2014_000000288639.jpg,data/kaggle_datasets/POPE/val2014/COCO_val2014_000000288639.jpg,Is there a toothbrush in the image?,yes,no,66,66,25,25,16,16,SparseVLM-paper-style faded mask using explicit retained original-patch indices from layer_token_stats; merged/recycled tokens are not shown.
310,POPE_popular_177,pope,popular_177,ours,Ours-64,outputs/stage7/figures/0310_POPE_popular_177_ours_sparsevlm_style.png,COCO_val2014_000000288639.jpg,data/kaggle_datasets/POPE/val2014/COCO_val2014_000000288639.jpg,Is there a toothbrush in the image?,yes,yes,66,66,24,24,14,14,SparseVLM-paper-style faded mask using explicit retained original-patch indices from layer_token_stats; merged/recycled tokens are not shown.
310,POPE_popular_177,pope,popular_177,threshold,Threshold-Fixed-64,outputs/stage7/figures/0310_POPE_popular_177_threshold_sparsevlm_style.png,COCO_val2014_000000288639.jpg,data/kaggle_datasets/POPE/val2014/COCO_val2014_000000288639.jpg,Is there a toothbrush in the image?,yes,yes,66,66,27,27,15,15,SparseVLM-paper-style faded mask using explicit retained original-patch indices from layer_token_stats; merged/recycled tokens are not shown.
312,POPE_random_168,pope,random_168,sparse,SparseVLM-Original-64,outputs/stage7/figures/0312_POPE_random_168_sparse_sparsevlm_style.png,COCO_val2014_000000288639.jpg,data/kaggle_datasets/POPE/val2014/COCO_val2014_000000288639.jpg,Is there a toothbrush in the image?,yes,no,66,66,25,25,16,16,SparseVLM-paper-style faded mask using explicit retained original-patch indices from layer_token_stats; merged/recycled tokens are not shown.
312,POPE_random_168,pope,random_168,ours,Ours-64,outputs/stage7/figures/0312_POPE_random_168_ours_sparsevlm_style.png,COCO_val2014_000000288639.jpg,data/kaggle_datasets/POPE/val2014/COCO_val2014_000000288639.jpg,Is there a toothbrush in the image?,yes,yes,66,66,24,24,14,14,SparseVLM-paper-style faded mask using explicit retained original-patch indices from layer_token_stats; merged/recycled tokens are not shown.
312,POPE_random_168,pope,random_168,threshold,Threshold-Fixed-64,outputs/stage7/figures/0312_POPE_random_168_threshold_sparsevlm_style.png,COCO_val2014_000000288639.jpg,data/kaggle_datasets/POPE/val2014/COCO_val2014_000000288639.jpg,Is there a toothbrush in the image?,yes,yes,66,66,27,27,15,15,SparseVLM-paper-style faded mask using explicit retained original-patch indices from layer_token_stats; merged/recycled tokens are not shown.
314,GQA_03974231,gqa,03974231,sparse,SparseVLM-Original-64,outputs/stage7/figures/0314_GQA_03974231_sparse_sparsevlm_style.png,2371457.jpg,data/kaggle_datasets/GQA/images/2371457.jpg,What is the person to the right of the truck wearing?,vest,Shirt,66,66,30,30,16,16,SparseVLM-paper-style faded mask using explicit retained original-patch indices from layer_token_stats; merged/recycled tokens are not shown.
314,GQA_03974231,gqa,03974231,ours,Ours-64,outputs/stage7/figures/0314_GQA_03974231_ours_sparsevlm_style.png,2371457.jpg,data/kaggle_datasets/GQA/images/2371457.jpg,What is the person to the right of the truck wearing?,vest,Vest,66,66,26,26,16,16,SparseVLM-paper-style faded mask using explicit retained original-patch indices from layer_token_stats; merged/recycled tokens are not shown.
314,GQA_03974231,gqa,03974231,threshold,Threshold-Fixed-64,outputs/stage7/figures/0314_GQA_03974231_threshold_sparsevlm_style.png,2371457.jpg,data/kaggle_datasets/GQA/images/2371457.jpg,What is the person to the right of the truck wearing?,vest,Vest,66,66,28,28,16,16,SparseVLM-paper-style faded mask using explicit retained original-patch indices from layer_token_stats; merged/recycled tokens are not shown.
316,GQA_0766542,gqa,0766542,sparse,SparseVLM-Original-64,outputs/stage7/figures/0316_GQA_0766542_sparse_sparsevlm_style.png,497942.jpg,data/kaggle_datasets/GQA/images/497942.jpg,Do you see any cars or fences?,yes,No,66,66,26,26,16,16,SparseVLM-paper-style faded mask using explicit retained original-patch indices from layer_token_stats; merged/recycled tokens are not shown.
316,GQA_0766542,gqa,0766542,ours,Ours-64,outputs/stage7/figures/0316_GQA_0766542_ours_sparsevlm_style.png,497942.jpg,data/kaggle_datasets/GQA/images/497942.jpg,Do you see any cars or fences?,yes,Yes,66,66,24,24,16,16,SparseVLM-paper-style faded mask using explicit retained original-patch indices from layer_token_stats; merged/recycled tokens are not shown.
316,GQA_0766542,gqa,0766542,threshold,Threshold-Fixed-64,outputs/stage7/figures/0316_GQA_0766542_threshold_sparsevlm_style.png,497942.jpg,data/kaggle_datasets/GQA/images/497942.jpg,Do you see any cars or fences?,yes,Yes,66,66,27,27,15,15,SparseVLM-paper-style faded mask using explicit retained original-patch indices from layer_token_stats; merged/recycled tokens are not shown.
317,GQA_10144613,gqa,10144613,sparse,SparseVLM-Original-64,outputs/stage7/figures/0317_GQA_10144613_sparse_sparsevlm_style.png,2399206.jpg,data/kaggle_datasets/GQA/images/2399206.jpg,Is the person beside the ladder holding a suitcase?,yes,No,66,66,28,28,16,16,SparseVLM-paper-style faded mask using explicit retained original-patch indices from layer_token_stats; merged/recycled tokens are not shown.
317,GQA_10144613,gqa,10144613,ours,Ours-64,outputs/stage7/figures/0317_GQA_10144613_ours_sparsevlm_style.png,2399206.jpg,data/kaggle_datasets/GQA/images/2399206.jpg,Is the person beside the ladder holding a suitcase?,yes,Yes,66,66,27,27,16,16,SparseVLM-paper-style faded mask using explicit retained original-patch indices from layer_token_stats; merged/recycled tokens are not shown.
317,GQA_10144613,gqa,10144613,threshold,Threshold-Fixed-64,outputs/stage7/figures/0317_GQA_10144613_threshold_sparsevlm_style.png,2399206.jpg,data/kaggle_datasets/GQA/images/2399206.jpg,Is the person beside the ladder holding a suitcase?,yes,Yes,66,66,28,28,15,15,SparseVLM-paper-style faded mask using explicit retained original-patch indices from layer_token_stats; merged/recycled tokens are not shown.
320,GQA_18664609,gqa,18664609,sparse,SparseVLM-Original-64,outputs/stage7/figures/0320_GQA_18664609_sparse_sparsevlm_style.png,2387077.jpg,data/kaggle_datasets/GQA/images/2387077.jpg,Does the hat have the same color as the jacket?,yes,No,66,66,26,26,17,17,SparseVLM-paper-style faded mask using explicit retained original-patch indices from layer_token_stats; merged/recycled tokens are not shown.
320,GQA_18664609,gqa,18664609,ours,Ours-64,outputs/stage7/figures/0320_GQA_18664609_ours_sparsevlm_style.png,2387077.jpg,data/kaggle_datasets/GQA/images/2387077.jpg,Does the hat have the same color as the jacket?,yes,Yes,66,66,27,27,15,15,SparseVLM-paper-style faded mask using explicit retained original-patch indices from layer_token_stats; merged/recycled tokens are not shown.
320,GQA_18664609,gqa,18664609,threshold,Threshold-Fixed-64,outputs/stage7/figures/0320_GQA_18664609_threshold_sparsevlm_style.png,2387077.jpg,data/kaggle_datasets/GQA/images/2387077.jpg,Does the hat have the same color as the jacket?,yes,Yes,66,66,27,27,14,14,SparseVLM-paper-style faded mask using explicit retained original-patch indices from layer_token_stats; merged/recycled tokens are not shown.
322,GQA_08965653,gqa,08965653,sparse,SparseVLM-Original-64,outputs/stage7/figures/0322_GQA_08965653_sparse_sparsevlm_style.png,2416035.jpg,data/kaggle_datasets/GQA/images/2416035.jpg,What fruits are to the left of the box in the middle of the photo?,oranges,Apples,66,66,25,25,13,13,SparseVLM-paper-style faded mask using explicit retained original-patch indices from layer_token_stats; merged/recycled tokens are not shown.
322,GQA_08965653,gqa,08965653,ours,Ours-64,outputs/stage7/figures/0322_GQA_08965653_ours_sparsevlm_style.png,2416035.jpg,data/kaggle_datasets/GQA/images/2416035.jpg,What fruits are to the left of the box in the middle of the photo?,oranges,Oranges,66,66,26,26,16,16,SparseVLM-paper-style faded mask using explicit retained original-patch indices from layer_token_stats; merged/recycled tokens are not shown.
322,GQA_08965653,gqa,08965653,threshold,Threshold-Fixed-64,outputs/stage7/figures/0322_GQA_08965653_threshold_sparsevlm_style.png,2416035.jpg,data/kaggle_datasets/GQA/images/2416035.jpg,What fruits are to the left of the box in the middle of the photo?,oranges,Oranges,66,66,28,28,16,16,SparseVLM-paper-style faded mask using explicit retained original-patch indices from layer_token_stats; merged/recycled tokens are not shown.
324,GQA_07257519,gqa,07257519,sparse,SparseVLM-Original-64,outputs/stage7/figures/0324_GQA_07257519_sparse_sparsevlm_style.png,2372538.jpg,data/kaggle_datasets/GQA/images/2372538.jpg,On which side of the picture is the traffic signal?,right,Left,66,66,26,26,16,16,SparseVLM-paper-style faded mask using explicit retained original-patch indices from layer_token_stats; merged/recycled tokens are not shown.
324,GQA_07257519,gqa,07257519,ours,Ours-64,outputs/stage7/figures/0324_GQA_07257519_ours_sparsevlm_style.png,2372538.jpg,data/kaggle_datasets/GQA/images/2372538.jpg,On which side of the picture is the traffic signal?,right,Right,66,66,27,27,15,15,SparseVLM-paper-style faded mask using explicit retained original-patch indices from layer_token_stats; merged/recycled tokens are not shown.
324,GQA_07257519,gqa,07257519,threshold,Threshold-Fixed-64,outputs/stage7/figures/0324_GQA_07257519_threshold_sparsevlm_style.png,2372538.jpg,data/kaggle_datasets/GQA/images/2372538.jpg,On which side of the picture is the traffic signal?,right,Right,66,66,25,25,13,13,SparseVLM-paper-style faded mask using explicit retained original-patch indices from layer_token_stats; merged/recycled tokens are not shown.
325,GQA_08197176,gqa,08197176,sparse,SparseVLM-Original-64,outputs/stage7/figures/0325_GQA_08197176_sparse_sparsevlm_style.png,2384012.jpg,data/kaggle_datasets/GQA/images/2384012.jpg,What color is the jacket that the man wears?,red,Black,66,66,26,26,16,16,SparseVLM-paper-style faded mask using explicit retained original-patch indices from layer_token_stats; merged/recycled tokens are not shown.
325,GQA_08197176,gqa,08197176,ours,Ours-64,outputs/stage7/figures/0325_GQA_08197176_ours_sparsevlm_style.png,2384012.jpg,data/kaggle_datasets/GQA/images/2384012.jpg,What color is the jacket that the man wears?,red,Red,66,66,25,25,15,15,SparseVLM-paper-style faded mask using explicit retained original-patch indices from layer_token_stats; merged/recycled tokens are not shown.
325,GQA_08197176,gqa,08197176,threshold,Threshold-Fixed-64,outputs/stage7/figures/0325_GQA_08197176_threshold_sparsevlm_style.png,2384012.jpg,data/kaggle_datasets/GQA/images/2384012.jpg,What color is the jacket that the man wears?,red,Red,66,66,28,28,16,16,SparseVLM-paper-style faded mask using explicit retained original-patch indices from layer_token_stats; merged/recycled tokens are not shown.
327,GQA_10150874,gqa,10150874,sparse,SparseVLM-Original-64,outputs/stage7/figures/0327_GQA_10150874_sparse_sparsevlm_style.png,2412502.jpg,data/kaggle_datasets/GQA/images/2412502.jpg,Is the girl to the right or to the left of the window curtain?,left,Right,66,66,25,25,14,14,SparseVLM-paper-style faded mask using explicit retained original-patch indices from layer_token_stats; merged/recycled tokens are not shown.
327,GQA_10150874,gqa,10150874,ours,Ours-64,outputs/stage7/figures/0327_GQA_10150874_ours_sparsevlm_style.png,2412502.jpg,data/kaggle_datasets/GQA/images/2412502.jpg,Is the girl to the right or to the left of the window curtain?,left,Left,66,66,26,26,17,17,SparseVLM-paper-style faded mask using explicit retained original-patch indices from layer_token_stats; merged/recycled tokens are not shown.
327,GQA_10150874,gqa,10150874,threshold,Threshold-Fixed-64,outputs/stage7/figures/0327_GQA_10150874_threshold_sparsevlm_style.png,2412502.jpg,data/kaggle_datasets/GQA/images/2412502.jpg,Is the girl to the right or to the left of the window curtain?,left,Left,66,66,29,29,17,17,SparseVLM-paper-style faded mask using explicit retained original-patch indices from layer_token_stats; merged/recycled tokens are not shown.
329,GQA_11821300,gqa,11821300,sparse,SparseVLM-Original-64,outputs/stage7/figures/0329_GQA_11821300_sparse_sparsevlm_style.png,2401576.jpg,data/kaggle_datasets/GQA/images/2401576.jpg,What is the device that is on top of the desk?,computer,Laptop,66,66,26,26,16,16,SparseVLM-paper-style faded mask using explicit retained original-patch indices from layer_token_stats; merged/recycled tokens are not shown.
329,GQA_11821300,gqa,11821300,ours,Ours-64,outputs/stage7/figures/0329_GQA_11821300_ours_sparsevlm_style.png,2401576.jpg,data/kaggle_datasets/GQA/images/2401576.jpg,What is the device that is on top of the desk?,computer,Computer,66,66,25,25,15,15,SparseVLM-paper-style faded mask using explicit retained original-patch indices from layer_token_stats; merged/recycled tokens are not shown.
329,GQA_11821300,gqa,11821300,threshold,Threshold-Fixed-64,outputs/stage7/figures/0329_GQA_11821300_threshold_sparsevlm_style.png,2401576.jpg,data/kaggle_datasets/GQA/images/2401576.jpg,What is the device that is on top of the desk?,computer,Computer,66,66,26,26,16,16,SparseVLM-paper-style faded mask using explicit retained original-patch indices from layer_token_stats; merged/recycled tokens are not shown.
334,GQA_04157864,gqa,04157864,sparse,SparseVLM-Original-64,outputs/stage7/figures/0334_GQA_04157864_sparse_sparsevlm_style.png,498397.jpg,data/kaggle_datasets/GQA/images/498397.jpg,What does the man to the right of the laptop sit on?,chair,Table,66,66,27,27,17,17,SparseVLM-paper-style faded mask using explicit retained original-patch indices from layer_token_stats; merged/recycled tokens are not shown.
334,GQA_04157864,gqa,04157864,ours,Ours-64,outputs/stage7/figures/0334_GQA_04157864_ours_sparsevlm_style.png,498397.jpg,data/kaggle_datasets/GQA/images/498397.jpg,What does the man to the right of the laptop sit on?,chair,Chair,66,66,26,26,16,16,SparseVLM-paper-style faded mask using explicit retained original-patch indices from layer_token_stats; merged/recycled tokens are not shown.
334,GQA_04157864,gqa,04157864,threshold,Threshold-Fixed-64,outputs/stage7/figures/0334_GQA_04157864_threshold_sparsevlm_style.png,498397.jpg,data/kaggle_datasets/GQA/images/498397.jpg,What does the man to the right of the laptop sit on?,chair,Chair,66,66,29,29,16,16,SparseVLM-paper-style faded mask using explicit retained original-patch indices from layer_token_stats; merged/recycled tokens are not shown.
338,GQA_15311108,gqa,15311108,sparse,SparseVLM-Original-64,outputs/stage7/figures/0338_GQA_15311108_sparse_sparsevlm_style.png,2379186.jpg,data/kaggle_datasets/GQA/images/2379186.jpg,On which side is the shelf?,right,Left,66,66,27,27,17,17,SparseVLM-paper-style faded mask using explicit retained original-patch indices from layer_token_stats; merged/recycled tokens are not shown.
338,GQA_15311108,gqa,15311108,ours,Ours-64,outputs/stage7/figures/0338_GQA_15311108_ours_sparsevlm_style.png,2379186.jpg,data/kaggle_datasets/GQA/images/2379186.jpg,On which side is the shelf?,right,Right,66,66,27,27,16,16,SparseVLM-paper-style faded mask using explicit retained original-patch indices from layer_token_stats; merged/recycled tokens are not shown.
338,GQA_15311108,gqa,15311108,threshold,Threshold-Fixed-64,outputs/stage7/figures/0338_GQA_15311108_threshold_sparsevlm_style.png,2379186.jpg,data/kaggle_datasets/GQA/images/2379186.jpg,On which side is the shelf?,right,Right,66,66,28,28,16,16,SparseVLM-paper-style faded mask using explicit retained original-patch indices from layer_token_stats; merged/recycled tokens are not shown.
341,GQA_06689249,gqa,06689249,sparse,SparseVLM-Original-64,outputs/stage7/figures/0341_GQA_06689249_sparse_sparsevlm_style.png,2343326.jpg,data/kaggle_datasets/GQA/images/2343326.jpg,Is the shirt black or red?,red,Black,66,66,27,27,14,14,SparseVLM-paper-style faded mask using explicit retained original-patch indices from layer_token_stats; merged/recycled tokens are not shown.
341,GQA_06689249,gqa,06689249,ours,Ours-64,outputs/stage7/figures/0341_GQA_06689249_ours_sparsevlm_style.png,2343326.jpg,data/kaggle_datasets/GQA/images/2343326.jpg,Is the shirt black or red?,red,Red,66,66,27,27,16,16,SparseVLM-paper-style faded mask using explicit retained original-patch indices from layer_token_stats; merged/recycled tokens are not shown.
341,GQA_06689249,gqa,06689249,threshold,Threshold-Fixed-64,outputs/stage7/figures/0341_GQA_06689249_threshold_sparsevlm_style.png,2343326.jpg,data/kaggle_datasets/GQA/images/2343326.jpg,Is the shirt black or red?,red,Red,66,66,30,30,16,16,SparseVLM-paper-style faded mask using explicit retained original-patch indices from layer_token_stats; merged/recycled tokens are not shown.
349,GQA_19225529,gqa,19225529,sparse,SparseVLM-Original-64,outputs/stage7/figures/0349_GQA_19225529_sparse_sparsevlm_style.png,2342134.jpg,data/kaggle_datasets/GQA/images/2342134.jpg,What appliance is to the right of the open drawer?,refrigerator,Stove,66,66,28,28,16,16,SparseVLM-paper-style faded mask using explicit retained original-patch indices from layer_token_stats; merged/recycled tokens are not shown.
349,GQA_19225529,gqa,19225529,ours,Ours-64,outputs/stage7/figures/0349_GQA_19225529_ours_sparsevlm_style.png,2342134.jpg,data/kaggle_datasets/GQA/images/2342134.jpg,What appliance is to the right of the open drawer?,refrigerator,Refrigerator,66,66,27,27,16,16,SparseVLM-paper-style faded mask using explicit retained original-patch indices from layer_token_stats; merged/recycled tokens are not shown.
349,GQA_19225529,gqa,19225529,threshold,Threshold-Fixed-64,outputs/stage7/figures/0349_GQA_19225529_threshold_sparsevlm_style.png,2342134.jpg,data/kaggle_datasets/GQA/images/2342134.jpg,What appliance is to the right of the open drawer?,refrigerator,Refrigerator,66,66,28,28,17,17,SparseVLM-paper-style faded mask using explicit retained original-patch indices from layer_token_stats; merged/recycled tokens are not shown.
354,GQA_08863476,gqa,08863476,sparse,SparseVLM-Original-64,outputs/stage7/figures/0354_GQA_08863476_sparse_sparsevlm_style.png,2337353.jpg,data/kaggle_datasets/GQA/images/2337353.jpg,Does the bag to the left of the other bag look green?,yes,No,66,66,26,26,17,17,SparseVLM-paper-style faded mask using explicit retained original-patch indices from layer_token_stats; merged/recycled tokens are not shown.
354,GQA_08863476,gqa,08863476,ours,Ours-64,outputs/stage7/figures/0354_GQA_08863476_ours_sparsevlm_style.png,2337353.jpg,data/kaggle_datasets/GQA/images/2337353.jpg,Does the bag to the left of the other bag look green?,yes,Yes,66,66,25,25,17,17,SparseVLM-paper-style faded mask using explicit retained original-patch indices from layer_token_stats; merged/recycled tokens are not shown.
354,GQA_08863476,gqa,08863476,threshold,Threshold-Fixed-64,outputs/stage7/figures/0354_GQA_08863476_threshold_sparsevlm_style.png,2337353.jpg,data/kaggle_datasets/GQA/images/2337353.jpg,Does the bag to the left of the other bag look green?,yes,Yes,66,66,26,26,16,16,SparseVLM-paper-style faded mask using explicit retained original-patch indices from layer_token_stats; merged/recycled tokens are not shown.
355,GQA_1858652,gqa,1858652,sparse,SparseVLM-Original-64,outputs/stage7/figures/0355_GQA_1858652_sparse_sparsevlm_style.png,2403469.jpg,data/kaggle_datasets/GQA/images/2403469.jpg,What does the person above the grass wear?,pants,Shirt,66,66,30,30,17,17,SparseVLM-paper-style faded mask using explicit retained original-patch indices from layer_token_stats; merged/recycled tokens are not shown.
355,GQA_1858652,gqa,1858652,ours,Ours-64,outputs/stage7/figures/0355_GQA_1858652_ours_sparsevlm_style.png,2403469.jpg,data/kaggle_datasets/GQA/images/2403469.jpg,What does the person above the grass wear?,pants,Pants,66,66,29,29,17,17,SparseVLM-paper-style faded mask using explicit retained original-patch indices from layer_token_stats; merged/recycled tokens are not shown.
355,GQA_1858652,gqa,1858652,threshold,Threshold-Fixed-64,outputs/stage7/figures/0355_GQA_1858652_threshold_sparsevlm_style.png,2403469.jpg,data/kaggle_datasets/GQA/images/2403469.jpg,What does the person above the grass wear?,pants,Pants,66,66,30,30,17,17,SparseVLM-paper-style faded mask using explicit retained original-patch indices from layer_token_stats; merged/recycled tokens are not shown.
360,GQA_11199885,gqa,11199885,sparse,SparseVLM-Original-64,outputs/stage7/figures/0360_GQA_11199885_sparse_sparsevlm_style.png,2412894.jpg,data/kaggle_datasets/GQA/images/2412894.jpg,"On which side of the image is the white device, the right or the left?",left,Right,66,66,29,29,15,15,SparseVLM-paper-style faded mask using explicit retained original-patch indices from layer_token_stats; merged/recycled tokens are not shown.
360,GQA_11199885,gqa,11199885,ours,Ours-64,outputs/stage7/figures/0360_GQA_11199885_ours_sparsevlm_style.png,2412894.jpg,data/kaggle_datasets/GQA/images/2412894.jpg,"On which side of the image is the white device, the right or the left?",left,Left,66,66,27,27,16,16,SparseVLM-paper-style faded mask using explicit retained original-patch indices from layer_token_stats; merged/recycled tokens are not shown.
360,GQA_11199885,gqa,11199885,threshold,Threshold-Fixed-64,outputs/stage7/figures/0360_GQA_11199885_threshold_sparsevlm_style.png,2412894.jpg,data/kaggle_datasets/GQA/images/2412894.jpg,"On which side of the image is the white device, the right or the left?",left,Left,66,66,25,25,13,13,SparseVLM-paper-style faded mask using explicit retained original-patch indices from layer_token_stats; merged/recycled tokens are not shown.
362,GQA_03337674,gqa,03337674,sparse,SparseVLM-Original-64,outputs/stage7/figures/0362_GQA_03337674_sparse_sparsevlm_style.png,2377193.jpg,data/kaggle_datasets/GQA/images/2377193.jpg,Is there a chair around the table near the window?,yes,No,66,66,28,28,16,16,SparseVLM-paper-style faded mask using explicit retained original-patch indices from layer_token_stats; merged/recycled tokens are not shown.
362,GQA_03337674,gqa,03337674,ours,Ours-64,outputs/stage7/figures/0362_GQA_03337674_ours_sparsevlm_style.png,2377193.jpg,data/kaggle_datasets/GQA/images/2377193.jpg,Is there a chair around the table near the window?,yes,Yes,66,66,29,29,17,17,SparseVLM-paper-style faded mask using explicit retained original-patch indices from layer_token_stats; merged/recycled tokens are not shown.
362,GQA_03337674,gqa,03337674,threshold,Threshold-Fixed-64,outputs/stage7/figures/0362_GQA_03337674_threshold_sparsevlm_style.png,2377193.jpg,data/kaggle_datasets/GQA/images/2377193.jpg,Is there a chair around the table near the window?,yes,Yes,66,66,30,30,17,17,SparseVLM-paper-style faded mask using explicit retained original-patch indices from layer_token_stats; merged/recycled tokens are not shown.
368,GQA_09188457,gqa,09188457,sparse,SparseVLM-Original-64,outputs/stage7/figures/0368_GQA_09188457_sparse_sparsevlm_style.png,2382724.jpg,data/kaggle_datasets/GQA/images/2382724.jpg,What piece of furniture is black?,shelf,Table,66,66,28,28,15,15,SparseVLM-paper-style faded mask using explicit retained original-patch indices from layer_token_stats; merged/recycled tokens are not shown.
368,GQA_09188457,gqa,09188457,ours,Ours-64,outputs/stage7/figures/0368_GQA_09188457_ours_sparsevlm_style.png,2382724.jpg,data/kaggle_datasets/GQA/images/2382724.jpg,What piece of furniture is black?,shelf,Shelf,66,66,29,29,16,16,SparseVLM-paper-style faded mask using explicit retained original-patch indices from layer_token_stats; merged/recycled tokens are not shown.
368,GQA_09188457,gqa,09188457,threshold,Threshold-Fixed-64,outputs/stage7/figures/0368_GQA_09188457_threshold_sparsevlm_style.png,2382724.jpg,data/kaggle_datasets/GQA/images/2382724.jpg,What piece of furniture is black?,shelf,Shelf,66,66,30,30,17,17,SparseVLM-paper-style faded mask using explicit retained original-patch indices from layer_token_stats; merged/recycled tokens are not shown.
369,GQA_115763,gqa,115763,sparse,SparseVLM-Original-64,outputs/stage7/figures/0369_GQA_115763_sparse_sparsevlm_style.png,2417558.jpg,data/kaggle_datasets/GQA/images/2417558.jpg,Are there any white bagels or breads?,yes,No,66,66,26,26,16,16,SparseVLM-paper-style faded mask using explicit retained original-patch indices from layer_token_stats; merged/recycled tokens are not shown.
369,GQA_115763,gqa,115763,ours,Ours-64,outputs/stage7/figures/0369_GQA_115763_ours_sparsevlm_style.png,2417558.jpg,data/kaggle_datasets/GQA/images/2417558.jpg,Are there any white bagels or breads?,yes,Yes,66,66,25,25,15,15,SparseVLM-paper-style faded mask using explicit retained original-patch indices from layer_token_stats; merged/recycled tokens are not shown.
369,GQA_115763,gqa,115763,threshold,Threshold-Fixed-64,outputs/stage7/figures/0369_GQA_115763_threshold_sparsevlm_style.png,2417558.jpg,data/kaggle_datasets/GQA/images/2417558.jpg,Are there any white bagels or breads?,yes,Yes,66,66,26,26,15,15,SparseVLM-paper-style faded mask using explicit retained original-patch indices from layer_token_stats; merged/recycled tokens are not shown.
372,GQA_101024806,gqa,101024806,sparse,SparseVLM-Original-64,outputs/stage7/figures/0372_GQA_101024806_sparse_sparsevlm_style.png,2371845.jpg,data/kaggle_datasets/GQA/images/2371845.jpg,What kind of vegetable is in the salad with the onion?,tomato,Lettuce,66,66,24,24,15,15,SparseVLM-paper-style faded mask using explicit retained original-patch indices from layer_token_stats; merged/recycled tokens are not shown.
372,GQA_101024806,gqa,101024806,ours,Ours-64,outputs/stage7/figures/0372_GQA_101024806_ours_sparsevlm_style.png,2371845.jpg,data/kaggle_datasets/GQA/images/2371845.jpg,What kind of vegetable is in the salad with the onion?,tomato,Tomato,66,66,27,27,15,15,SparseVLM-paper-style faded mask using explicit retained original-patch indices from layer_token_stats; merged/recycled tokens are not shown.
372,GQA_101024806,gqa,101024806,threshold,Threshold-Fixed-64,outputs/stage7/figures/0372_GQA_101024806_threshold_sparsevlm_style.png,2371845.jpg,data/kaggle_datasets/GQA/images/2371845.jpg,What kind of vegetable is in the salad with the onion?,tomato,Tomato,66,66,28,28,17,17,SparseVLM-paper-style faded mask using explicit retained original-patch indices from layer_token_stats; merged/recycled tokens are not shown.
373,GQA_12387531,gqa,12387531,sparse,SparseVLM-Original-64,outputs/stage7/figures/0373_GQA_12387531_sparse_sparsevlm_style.png,1216.jpg,data/kaggle_datasets/GQA/images/1216.jpg,Which side of the picture is the man on?,right,Left,66,66,24,24,15,15,SparseVLM-paper-style faded mask using explicit retained original-patch indices from layer_token_stats; merged/recycled tokens are not shown.
373,GQA_12387531,gqa,12387531,ours,Ours-64,outputs/stage7/figures/0373_GQA_12387531_ours_sparsevlm_style.png,1216.jpg,data/kaggle_datasets/GQA/images/1216.jpg,Which side of the picture is the man on?,right,Right,66,66,23,23,14,14,SparseVLM-paper-style faded mask using explicit retained original-patch indices from layer_token_stats; merged/recycled tokens are not shown.
373,GQA_12387531,gqa,12387531,threshold,Threshold-Fixed-64,outputs/stage7/figures/0373_GQA_12387531_threshold_sparsevlm_style.png,1216.jpg,data/kaggle_datasets/GQA/images/1216.jpg,Which side of the picture is the man on?,right,Right,66,66,25,25,14,14,SparseVLM-paper-style faded mask using explicit retained original-patch indices from layer_token_stats; merged/recycled tokens are not shown.
374,GQA_06376614,gqa,06376614,sparse,SparseVLM-Original-64,outputs/stage7/figures/0374_GQA_06376614_sparse_sparsevlm_style.png,2352530.jpg,data/kaggle_datasets/GQA/images/2352530.jpg,What color is the car in the middle?,yellow,Red,66,66,26,26,17,17,SparseVLM-paper-style faded mask using explicit retained original-patch indices from layer_token_stats; merged/recycled tokens are not shown.
374,GQA_06376614,gqa,06376614,ours,Ours-64,outputs/stage7/figures/0374_GQA_06376614_ours_sparsevlm_style.png,2352530.jpg,data/kaggle_datasets/GQA/images/2352530.jpg,What color is the car in the middle?,yellow,Yellow,66,66,24,24,14,14,SparseVLM-paper-style faded mask using explicit retained original-patch indices from layer_token_stats; merged/recycled tokens are not shown.
374,GQA_06376614,gqa,06376614,threshold,Threshold-Fixed-64,outputs/stage7/figures/0374_GQA_06376614_threshold_sparsevlm_style.png,2352530.jpg,data/kaggle_datasets/GQA/images/2352530.jpg,What color is the car in the middle?,yellow,Yellow,66,66,26,26,16,16,SparseVLM-paper-style faded mask using explicit retained original-patch indices from layer_token_stats; merged/recycled tokens are not shown.
377,GQA_05907205,gqa,05907205,sparse,SparseVLM-Original-64,outputs/stage7/figures/0377_GQA_05907205_sparse_sparsevlm_style.png,4867.jpg,data/kaggle_datasets/GQA/images/4867.jpg,What is the bowl on?,coffee table,Table,66,66,28,28,14,14,SparseVLM-paper-style faded mask using explicit retained original-patch indices from layer_token_stats; merged/recycled tokens are not shown.
377,GQA_05907205,gqa,05907205,ours,Ours-64,outputs/stage7/figures/0377_GQA_05907205_ours_sparsevlm_style.png,4867.jpg,data/kaggle_datasets/GQA/images/4867.jpg,What is the bowl on?,coffee table,Coffee table,66,66,27,27,16,16,SparseVLM-paper-style faded mask using explicit retained original-patch indices from layer_token_stats; merged/recycled tokens are not shown.
377,GQA_05907205,gqa,05907205,threshold,Threshold-Fixed-64,outputs/stage7/figures/0377_GQA_05907205_threshold_sparsevlm_style.png,4867.jpg,data/kaggle_datasets/GQA/images/4867.jpg,What is the bowl on?,coffee table,Coffee table,66,66,28,28,16,16,SparseVLM-paper-style faded mask using explicit retained original-patch indices from layer_token_stats; merged/recycled tokens are not shown.
380,GQA_03587398,gqa,03587398,sparse,SparseVLM-Original-64,outputs/stage7/figures/0380_GQA_03587398_sparse_sparsevlm_style.png,2389922.jpg,data/kaggle_datasets/GQA/images/2389922.jpg,Which color does the necklace have?,gold,Silver,66,66,24,24,14,14,SparseVLM-paper-style faded mask using explicit retained original-patch indices from layer_token_stats; merged/recycled tokens are not shown.
380,GQA_03587398,gqa,03587398,ours,Ours-64,outputs/stage7/figures/0380_GQA_03587398_ours_sparsevlm_style.png,2389922.jpg,data/kaggle_datasets/GQA/images/2389922.jpg,Which color does the necklace have?,gold,Gold,66,66,24,24,15,15,SparseVLM-paper-style faded mask using explicit retained original-patch indices from layer_token_stats; merged/recycled tokens are not shown.
380,GQA_03587398,gqa,03587398,threshold,Threshold-Fixed-64,outputs/stage7/figures/0380_GQA_03587398_threshold_sparsevlm_style.png,2389922.jpg,data/kaggle_datasets/GQA/images/2389922.jpg,Which color does the necklace have?,gold,Gold,66,66,23,23,13,13,SparseVLM-paper-style faded mask using explicit retained original-patch indices from layer_token_stats; merged/recycled tokens are not shown.
382,GQA_16581425,gqa,16581425,sparse,SparseVLM-Original-64,outputs/stage7/figures/0382_GQA_16581425_sparse_sparsevlm_style.png,2354077.jpg,data/kaggle_datasets/GQA/images/2354077.jpg,Are there pillows or books?,yes,No,66,66,30,30,17,17,SparseVLM-paper-style faded mask using explicit retained original-patch indices from layer_token_stats; merged/recycled tokens are not shown.
382,GQA_16581425,gqa,16581425,ours,Ours-64,outputs/stage7/figures/0382_GQA_16581425_ours_sparsevlm_style.png,2354077.jpg,data/kaggle_datasets/GQA/images/2354077.jpg,Are there pillows or books?,yes,Yes,66,66,27,27,15,15,SparseVLM-paper-style faded mask using explicit retained original-patch indices from layer_token_stats; merged/recycled tokens are not shown.
382,GQA_16581425,gqa,16581425,threshold,Threshold-Fixed-64,outputs/stage7/figures/0382_GQA_16581425_threshold_sparsevlm_style.png,2354077.jpg,data/kaggle_datasets/GQA/images/2354077.jpg,Are there pillows or books?,yes,Yes,66,66,28,28,17,17,SparseVLM-paper-style faded mask using explicit retained original-patch indices from layer_token_stats; merged/recycled tokens are not shown.
384,GQA_13832410,gqa,13832410,sparse,SparseVLM-Original-64,outputs/stage7/figures/0384_GQA_13832410_sparse_sparsevlm_style.png,2401298.jpg,data/kaggle_datasets/GQA/images/2401298.jpg,Of which color is the luggage near the stone?,blue,Brown,66,66,26,26,16,16,SparseVLM-paper-style faded mask using explicit retained original-patch indices from layer_token_stats; merged/recycled tokens are not shown.
384,GQA_13832410,gqa,13832410,ours,Ours-64,outputs/stage7/figures/0384_GQA_13832410_ours_sparsevlm_style.png,2401298.jpg,data/kaggle_datasets/GQA/images/2401298.jpg,Of which color is the luggage near the stone?,blue,Blue,66,66,26,26,15,15,SparseVLM-paper-style faded mask using explicit retained original-patch indices from layer_token_stats; merged/recycled tokens are not shown.
384,GQA_13832410,gqa,13832410,threshold,Threshold-Fixed-64,outputs/stage7/figures/0384_GQA_13832410_threshold_sparsevlm_style.png,2401298.jpg,data/kaggle_datasets/GQA/images/2401298.jpg,Of which color is the luggage near the stone?,blue,Blue,66,66,28,28,16,16,SparseVLM-paper-style faded mask using explicit retained original-patch indices from layer_token_stats; merged/recycled tokens are not shown.
387,GQA_06997529,gqa,06997529,sparse,SparseVLM-Original-64,outputs/stage7/figures/0387_GQA_06997529_sparse_sparsevlm_style.png,2352324.jpg,data/kaggle_datasets/GQA/images/2352324.jpg,What's on the floor?,couch,Carpet,66,66,23,23,15,15,SparseVLM-paper-style faded mask using explicit retained original-patch indices from layer_token_stats; merged/recycled tokens are not shown.
387,GQA_06997529,gqa,06997529,ours,Ours-64,outputs/stage7/figures/0387_GQA_06997529_ours_sparsevlm_style.png,2352324.jpg,data/kaggle_datasets/GQA/images/2352324.jpg,What's on the floor?,couch,Couch,66,66,24,24,15,15,SparseVLM-paper-style faded mask using explicit retained original-patch indices from layer_token_stats; merged/recycled tokens are not shown.
387,GQA_06997529,gqa,06997529,threshold,Threshold-Fixed-64,outputs/stage7/figures/0387_GQA_06997529_threshold_sparsevlm_style.png,2352324.jpg,data/kaggle_datasets/GQA/images/2352324.jpg,What's on the floor?,couch,Couch,66,66,26,26,16,16,SparseVLM-paper-style faded mask using explicit retained original-patch indices from layer_token_stats; merged/recycled tokens are not shown.
388,GQA_09488406,gqa,09488406,sparse,SparseVLM-Original-64,outputs/stage7/figures/0388_GQA_09488406_sparse_sparsevlm_style.png,2359158.jpg,data/kaggle_datasets/GQA/images/2359158.jpg,What color is the shirt the girl is wearing?,white,Orange,66,66,27,27,15,15,SparseVLM-paper-style faded mask using explicit retained original-patch indices from layer_token_stats; merged/recycled tokens are not shown.
388,GQA_09488406,gqa,09488406,ours,Ours-64,outputs/stage7/figures/0388_GQA_09488406_ours_sparsevlm_style.png,2359158.jpg,data/kaggle_datasets/GQA/images/2359158.jpg,What color is the shirt the girl is wearing?,white,White,66,66,27,27,15,15,SparseVLM-paper-style faded mask using explicit retained original-patch indices from layer_token_stats; merged/recycled tokens are not shown.
388,GQA_09488406,gqa,09488406,threshold,Threshold-Fixed-64,outputs/stage7/figures/0388_GQA_09488406_threshold_sparsevlm_style.png,2359158.jpg,data/kaggle_datasets/GQA/images/2359158.jpg,What color is the shirt the girl is wearing?,white,White,66,66,25,25,13,13,SparseVLM-paper-style faded mask using explicit retained original-patch indices from layer_token_stats; merged/recycled tokens are not shown.
389,GQA_14153842,gqa,14153842,sparse,SparseVLM-Original-64,outputs/stage7/figures/0389_GQA_14153842_sparse_sparsevlm_style.png,2347683.jpg,data/kaggle_datasets/GQA/images/2347683.jpg,What kind of furniture is to the right of the cup?,chair,Couch,66,66,27,27,16,16,SparseVLM-paper-style faded mask using explicit retained original-patch indices from layer_token_stats; merged/recycled tokens are not shown.
389,GQA_14153842,gqa,14153842,ours,Ours-64,outputs/stage7/figures/0389_GQA_14153842_ours_sparsevlm_style.png,2347683.jpg,data/kaggle_datasets/GQA/images/2347683.jpg,What kind of furniture is to the right of the cup?,chair,Chair,66,66,26,26,17,17,SparseVLM-paper-style faded mask using explicit retained original-patch indices from layer_token_stats; merged/recycled tokens are not shown.
389,GQA_14153842,gqa,14153842,threshold,Threshold-Fixed-64,outputs/stage7/figures/0389_GQA_14153842_threshold_sparsevlm_style.png,2347683.jpg,data/kaggle_datasets/GQA/images/2347683.jpg,What kind of furniture is to the right of the cup?,chair,Chair,66,66,27,27,17,17,SparseVLM-paper-style faded mask using explicit retained original-patch indices from layer_token_stats; merged/recycled tokens are not shown.
392,GQA_0718158,gqa,0718158,sparse,SparseVLM-Original-64,outputs/stage7/figures/0392_GQA_0718158_sparse_sparsevlm_style.png,2396593.jpg,data/kaggle_datasets/GQA/images/2396593.jpg,What is covered by the trees?,swimming pool,Ground,66,66,26,26,17,17,SparseVLM-paper-style faded mask using explicit retained original-patch indices from layer_token_stats; merged/recycled tokens are not shown.
392,GQA_0718158,gqa,0718158,ours,Ours-64,outputs/stage7/figures/0392_GQA_0718158_ours_sparsevlm_style.png,2396593.jpg,data/kaggle_datasets/GQA/images/2396593.jpg,What is covered by the trees?,swimming pool,Swimming pool,66,66,24,24,17,17,SparseVLM-paper-style faded mask using explicit retained original-patch indices from layer_token_stats; merged/recycled tokens are not shown.
392,GQA_0718158,gqa,0718158,threshold,Threshold-Fixed-64,outputs/stage7/figures/0392_GQA_0718158_threshold_sparsevlm_style.png,2396593.jpg,data/kaggle_datasets/GQA/images/2396593.jpg,What is covered by the trees?,swimming pool,Swimming pool,66,66,25,25,14,14,SparseVLM-paper-style faded mask using explicit retained original-patch indices from layer_token_stats; merged/recycled tokens are not shown.
393,GQA_12425183,gqa,12425183,sparse,SparseVLM-Original-64,outputs/stage7/figures/0393_GQA_12425183_sparse_sparsevlm_style.png,2414948.jpg,data/kaggle_datasets/GQA/images/2414948.jpg,Is the blanket made of silk orange or green?,green,Orange,66,66,29,29,15,15,SparseVLM-paper-style faded mask using explicit retained original-patch indices from layer_token_stats; merged/recycled tokens are not shown.
393,GQA_12425183,gqa,12425183,ours,Ours-64,outputs/stage7/figures/0393_GQA_12425183_ours_sparsevlm_style.png,2414948.jpg,data/kaggle_datasets/GQA/images/2414948.jpg,Is the blanket made of silk orange or green?,green,Green,66,66,28,28,16,16,SparseVLM-paper-style faded mask using explicit retained original-patch indices from layer_token_stats; merged/recycled tokens are not shown.
393,GQA_12425183,gqa,12425183,threshold,Threshold-Fixed-64,outputs/stage7/figures/0393_GQA_12425183_threshold_sparsevlm_style.png,2414948.jpg,data/kaggle_datasets/GQA/images/2414948.jpg,Is the blanket made of silk orange or green?,green,Green,66,66,27,27,14,14,SparseVLM-paper-style faded mask using explicit retained original-patch indices from layer_token_stats; merged/recycled tokens are not shown.
394,GQA_14823532,gqa,14823532,sparse,SparseVLM-Original-64,outputs/stage7/figures/0394_GQA_14823532_sparse_sparsevlm_style.png,2415340.jpg,data/kaggle_datasets/GQA/images/2415340.jpg,Is the policeman to the right or to the left of the horse the person is on?,right,Left,66,66,24,24,15,15,SparseVLM-paper-style faded mask using explicit retained original-patch indices from layer_token_stats; merged/recycled tokens are not shown.
394,GQA_14823532,gqa,14823532,ours,Ours-64,outputs/stage7/figures/0394_GQA_14823532_ours_sparsevlm_style.png,2415340.jpg,data/kaggle_datasets/GQA/images/2415340.jpg,Is the policeman to the right or to the left of the horse the person is on?,right,Right,66,66,26,26,16,16,SparseVLM-paper-style faded mask using explicit retained original-patch indices from layer_token_stats; merged/recycled tokens are not shown.
394,GQA_14823532,gqa,14823532,threshold,Threshold-Fixed-64,outputs/stage7/figures/0394_GQA_14823532_threshold_sparsevlm_style.png,2415340.jpg,data/kaggle_datasets/GQA/images/2415340.jpg,Is the policeman to the right or to the left of the horse the person is on?,right,Right,66,66,25,25,13,13,SparseVLM-paper-style faded mask using explicit retained original-patch indices from layer_token_stats; merged/recycled tokens are not shown.
396,GQA_17750764,gqa,17750764,sparse,SparseVLM-Original-64,outputs/stage7/figures/0396_GQA_17750764_sparse_sparsevlm_style.png,2366401.jpg,data/kaggle_datasets/GQA/images/2366401.jpg,What do you think is on the shelf in the middle?,bottles,Dishes,66,66,27,27,15,15,SparseVLM-paper-style faded mask using explicit retained original-patch indices from layer_token_stats; merged/recycled tokens are not shown.
396,GQA_17750764,gqa,17750764,ours,Ours-64,outputs/stage7/figures/0396_GQA_17750764_ours_sparsevlm_style.png,2366401.jpg,data/kaggle_datasets/GQA/images/2366401.jpg,What do you think is on the shelf in the middle?,bottles,Bottles,66,66,25,25,13,13,SparseVLM-paper-style faded mask using explicit retained original-patch indices from layer_token_stats; merged/recycled tokens are not shown.
396,GQA_17750764,gqa,17750764,threshold,Threshold-Fixed-64,outputs/stage7/figures/0396_GQA_17750764_threshold_sparsevlm_style.png,2366401.jpg,data/kaggle_datasets/GQA/images/2366401.jpg,What do you think is on the shelf in the middle?,bottles,Bottles,66,66,27,27,14,14,SparseVLM-paper-style faded mask using explicit retained original-patch indices from layer_token_stats; merged/recycled tokens are not shown.
