rank,expanded_case_id,dataset,question_id,image_id,image_path,local_image_path,prompt,ground_truth,dense_prediction,sparse_prediction,ours_prediction,threshold_prediction,dense_is_correct,is_sparse_wrong,is_ours_correct,is_threshold_correct,case_group,semantic_type,structural_type,detailed_type,pope_category,candidate_reason,selection_note
1,GQA_05832509,gqa,05832509,2375704,/kaggle/input/datasets/tvtttv/gqa-thesis/GQA/images/2375704.jpg,data/kaggle_datasets/GQA/images/2375704.jpg,What is on the blue sign?,letters,Letters,Garage,Letters,Letter,True,True,True,False,ours_only_recovery,rel,query,relS,,SparseVLM-Original-64 is wrong and Ours-64 is correct in a non-failure-mining benchmark case.,Candidate for manual Stage 7 inspection only; not a prevalence claim and not causal proof.
2,GQA_16706454,gqa,16706454,2407498,/kaggle/input/datasets/tvtttv/gqa-thesis/GQA/images/2407498.jpg,data/kaggle_datasets/GQA/images/2407498.jpg,Do you see any boats on the water?,yes,Yes,No,Yes,No,True,True,True,False,ours_only_recovery,rel,verify,existRelS,,SparseVLM-Original-64 is wrong and Ours-64 is correct in a non-failure-mining benchmark case.,Candidate for manual Stage 7 inspection only; not a prevalence claim and not causal proof.
3,GQA_13555860,gqa,13555860,2393739,/kaggle/input/datasets/tvtttv/gqa-thesis/GQA/images/2393739.jpg,data/kaggle_datasets/GQA/images/2393739.jpg,What is the bottle made of?,plastic,Plastic,Glass,Plastic,Glass,True,True,True,False,ours_only_recovery,attr,query,material,,SparseVLM-Original-64 is wrong and Ours-64 is correct in a non-failure-mining benchmark case.,Candidate for manual Stage 7 inspection only; not a prevalence claim and not causal proof.
4,GQA_03999583,gqa,03999583,2370077,/kaggle/input/datasets/tvtttv/gqa-thesis/GQA/images/2370077.jpg,data/kaggle_datasets/GQA/images/2370077.jpg,Is the pot on the left of the photo?,yes,Yes,No,Yes,No,True,True,True,False,ours_only_recovery,attr,verify,positionVerify,,SparseVLM-Original-64 is wrong and Ours-64 is correct in a non-failure-mining benchmark case.,Candidate for manual Stage 7 inspection only; not a prevalence claim and not causal proof.
5,GQA_13903982,gqa,13903982,1160205,/kaggle/input/datasets/tvtttv/gqa-thesis/GQA/images/1160205.jpg,data/kaggle_datasets/GQA/images/1160205.jpg,Do you see both windows and buses?,no,No,Yes,No,Yes,True,True,True,False,ours_only_recovery,obj,logical,existAndC,,SparseVLM-Original-64 is wrong and Ours-64 is correct in a non-failure-mining benchmark case.,Candidate for manual Stage 7 inspection only; not a prevalence claim and not causal proof.
6,GQA_11213611,gqa,11213611,2326769,/kaggle/input/datasets/tvtttv/gqa-thesis/GQA/images/2326769.jpg,data/kaggle_datasets/GQA/images/2326769.jpg,Is the flower pot yellow or red?,yellow,Yellow,Red,Yellow,Red,True,True,True,False,ours_only_recovery,attr,choose,chooseAttr,,SparseVLM-Original-64 is wrong and Ours-64 is correct in a non-failure-mining benchmark case.,Candidate for manual Stage 7 inspection only; not a prevalence claim and not causal proof.
7,GQA_14796654,gqa,14796654,2409083,/kaggle/input/datasets/tvtttv/gqa-thesis/GQA/images/2409083.jpg,data/kaggle_datasets/GQA/images/2409083.jpg,What are the tan clothing items?,shorts,Shorts,Pants,Shorts,Pants,True,True,True,False,ours_only_recovery,cat,query,categoryAttr,,SparseVLM-Original-64 is wrong and Ours-64 is correct in a non-failure-mining benchmark case.,Candidate for manual Stage 7 inspection only; not a prevalence claim and not causal proof.
8,GQA_11877740,gqa,11877740,2390377,/kaggle/input/datasets/tvtttv/gqa-thesis/GQA/images/2390377.jpg,data/kaggle_datasets/GQA/images/2390377.jpg,What is the man wearing?,shirt,Shirt,Jacket,Shirt,Jacket,True,True,True,False,ours_only_recovery,rel,query,relO,,SparseVLM-Original-64 is wrong and Ours-64 is correct in a non-failure-mining benchmark case.,Candidate for manual Stage 7 inspection only; not a prevalence claim and not causal proof.
9,GQA_03318439,gqa,03318439,2383905,/kaggle/input/datasets/tvtttv/gqa-thesis/GQA/images/2383905.jpg,data/kaggle_datasets/GQA/images/2383905.jpg,What are the bleachers wearing?,shorts,Shorts,Nothing,Shorts,Nothing,True,True,True,False,ours_only_recovery,rel,query,relO,,SparseVLM-Original-64 is wrong and Ours-64 is correct in a non-failure-mining benchmark case.,Candidate for manual Stage 7 inspection only; not a prevalence claim and not causal proof.
10,GQA_04914337,gqa,04914337,2317381,/kaggle/input/datasets/tvtttv/gqa-thesis/GQA/images/2317381.jpg,data/kaggle_datasets/GQA/images/2317381.jpg,On which side of the photo is the train?,right,Right,Left,Right,Left,True,True,True,False,ours_only_recovery,attr,query,positionQuery,,SparseVLM-Original-64 is wrong and Ours-64 is correct in a non-failure-mining benchmark case.,Candidate for manual Stage 7 inspection only; not a prevalence claim and not causal proof.
11,GQA_08721530,gqa,08721530,2379388,/kaggle/input/datasets/tvtttv/gqa-thesis/GQA/images/2379388.jpg,data/kaggle_datasets/GQA/images/2379388.jpg,Is the metal fence in the bottom or in the top of the image?,bottom,Bottom,Top,Bottom,Top,True,True,True,False,ours_only_recovery,attr,choose,positionChoose,,SparseVLM-Original-64 is wrong and Ours-64 is correct in a non-failure-mining benchmark case.,Candidate for manual Stage 7 inspection only; not a prevalence claim and not causal proof.
12,GQA_0711980,gqa,0711980,2374892,/kaggle/input/datasets/tvtttv/gqa-thesis/GQA/images/2374892.jpg,data/kaggle_datasets/GQA/images/2374892.jpg,Are the books to the right of the person that sits at the desk?,yes,Yes,No,Yes,No,True,True,True,False,ours_only_recovery,rel,verify,relVerify,,SparseVLM-Original-64 is wrong and Ours-64 is correct in a non-failure-mining benchmark case.,Candidate for manual Stage 7 inspection only; not a prevalence claim and not causal proof.
13,GQA_13708423,gqa,13708423,2384558,/kaggle/input/datasets/tvtttv/gqa-thesis/GQA/images/2384558.jpg,data/kaggle_datasets/GQA/images/2384558.jpg,Which side is the red fruit on?,left,Left,Right,Left,Right,True,True,True,False,ours_only_recovery,attr,query,positionQuery,,SparseVLM-Original-64 is wrong and Ours-64 is correct in a non-failure-mining benchmark case.,Candidate for manual Stage 7 inspection only; not a prevalence claim and not causal proof.
14,GQA_171019332,gqa,171019332,2344169,/kaggle/input/datasets/tvtttv/gqa-thesis/GQA/images/2344169.jpg,data/kaggle_datasets/GQA/images/2344169.jpg,What color does the jacket the man is wearing have?,gray,Gray,White,Gray,White,True,True,True,False,ours_only_recovery,attr,query,directOf,,SparseVLM-Original-64 is wrong and Ours-64 is correct in a non-failure-mining benchmark case.,Candidate for manual Stage 7 inspection only; not a prevalence claim and not causal proof.
15,GQA_13325336,gqa,13325336,2371245,/kaggle/input/datasets/tvtttv/gqa-thesis/GQA/images/2371245.jpg,data/kaggle_datasets/GQA/images/2371245.jpg,What is the color of the sky?,white,White,Blue,White,Blue,True,True,True,False,ours_only_recovery,attr,query,directOf,,SparseVLM-Original-64 is wrong and Ours-64 is correct in a non-failure-mining benchmark case.,Candidate for manual Stage 7 inspection only; not a prevalence claim and not causal proof.
16,GQA_00364708,gqa,00364708,2367770,/kaggle/input/datasets/tvtttv/gqa-thesis/GQA/images/2367770.jpg,data/kaggle_datasets/GQA/images/2367770.jpg,Is the donut in the bottom part or in the top of the photo?,bottom,Bottom,Top,Bottom,Top,True,True,True,False,ours_only_recovery,attr,choose,positionChoose,,SparseVLM-Original-64 is wrong and Ours-64 is correct in a non-failure-mining benchmark case.,Candidate for manual Stage 7 inspection only; not a prevalence claim and not causal proof.
17,GQA_05657295,gqa,05657295,2383798,/kaggle/input/datasets/tvtttv/gqa-thesis/GQA/images/2383798.jpg,data/kaggle_datasets/GQA/images/2383798.jpg,Is the laptop to the left of the mouse?,yes,Yes,No,Yes,No,True,True,True,False,ours_only_recovery,rel,verify,relVerify,,SparseVLM-Original-64 is wrong and Ours-64 is correct in a non-failure-mining benchmark case.,Candidate for manual Stage 7 inspection only; not a prevalence claim and not causal proof.
18,GQA_05755427,gqa,05755427,2400761,/kaggle/input/datasets/tvtttv/gqa-thesis/GQA/images/2400761.jpg,data/kaggle_datasets/GQA/images/2400761.jpg,What is the train in front of?,trees,Trees,Smoke,Trees,Cars,True,True,True,False,ours_only_recovery,rel,query,relO,,SparseVLM-Original-64 is wrong and Ours-64 is correct in a non-failure-mining benchmark case.,Candidate for manual Stage 7 inspection only; not a prevalence claim and not causal proof.
19,GQA_17723926,gqa,17723926,2348932,/kaggle/input/datasets/tvtttv/gqa-thesis/GQA/images/2348932.jpg,data/kaggle_datasets/GQA/images/2348932.jpg,Which side is the curtain on?,left,Left,Right,Left,Right,True,True,True,False,ours_only_recovery,attr,query,positionQuery,,SparseVLM-Original-64 is wrong and Ours-64 is correct in a non-failure-mining benchmark case.,Candidate for manual Stage 7 inspection only; not a prevalence claim and not causal proof.
20,GQA_09270639,gqa,09270639,2367964,/kaggle/input/datasets/tvtttv/gqa-thesis/GQA/images/2367964.jpg,data/kaggle_datasets/GQA/images/2367964.jpg,What is the fruit to the right of the child that is not old?,orange,Orange,Banana,Orange,Banana,True,True,True,False,ours_only_recovery,rel,query,categoryRelS,,SparseVLM-Original-64 is wrong and Ours-64 is correct in a non-failure-mining benchmark case.,Candidate for manual Stage 7 inspection only; not a prevalence claim and not causal proof.
21,GQA_09107750,gqa,09107750,2391355,/kaggle/input/datasets/tvtttv/gqa-thesis/GQA/images/2391355.jpg,data/kaggle_datasets/GQA/images/2391355.jpg,Is the tennis player on the left side of the picture?,yes,Yes,No,Yes,No,True,True,True,False,ours_only_recovery,attr,verify,positionVerify,,SparseVLM-Original-64 is wrong and Ours-64 is correct in a non-failure-mining benchmark case.,Candidate for manual Stage 7 inspection only; not a prevalence claim and not causal proof.
22,GQA_14106572,gqa,14106572,2364895,/kaggle/input/datasets/tvtttv/gqa-thesis/GQA/images/2364895.jpg,data/kaggle_datasets/GQA/images/2364895.jpg,What kind of place is pictured?,sidewalk,Sidewalk,Street,Sidewalk,Skate park,True,True,True,False,ours_only_recovery,global,query,place,,SparseVLM-Original-64 is wrong and Ours-64 is correct in a non-failure-mining benchmark case.,Candidate for manual Stage 7 inspection only; not a prevalence claim and not causal proof.
23,GQA_121053041,gqa,121053041,2361696,/kaggle/input/datasets/tvtttv/gqa-thesis/GQA/images/2361696.jpg,data/kaggle_datasets/GQA/images/2361696.jpg,Is the iron fence in the bottom part or in the top of the picture?,top,Top,Bottom,Top,Bottom,True,True,True,False,ours_only_recovery,attr,choose,positionChoose,,SparseVLM-Original-64 is wrong and Ours-64 is correct in a non-failure-mining benchmark case.,Candidate for manual Stage 7 inspection only; not a prevalence claim and not causal proof.
24,GQA_1525400,gqa,1525400,2363859,/kaggle/input/datasets/tvtttv/gqa-thesis/GQA/images/2363859.jpg,data/kaggle_datasets/GQA/images/2363859.jpg,What is the vegetable that is on top of the pizza with the veggies?,pepper,Pepper,Tomato,Pepper,Tomato,True,True,True,False,ours_only_recovery,rel,query,categoryRelS,,SparseVLM-Original-64 is wrong and Ours-64 is correct in a non-failure-mining benchmark case.,Candidate for manual Stage 7 inspection only; not a prevalence claim and not causal proof.
25,GQA_02988553,gqa,02988553,2386456,/kaggle/input/datasets/tvtttv/gqa-thesis/GQA/images/2386456.jpg,data/kaggle_datasets/GQA/images/2386456.jpg,Does the zebra's nose have white color?,no,No,Yes,No,Yes,True,True,True,False,ours_only_recovery,attr,verify,verifyAttrKC,,SparseVLM-Original-64 is wrong and Ours-64 is correct in a non-failure-mining benchmark case.,Candidate for manual Stage 7 inspection only; not a prevalence claim and not causal proof.
26,GQA_041055575,gqa,041055575,2394320,/kaggle/input/datasets/tvtttv/gqa-thesis/GQA/images/2394320.jpg,data/kaggle_datasets/GQA/images/2394320.jpg,On which side is the napkin?,right,Right,Left,Right,Left,True,True,True,False,ours_only_recovery,attr,query,positionQuery,,SparseVLM-Original-64 is wrong and Ours-64 is correct in a non-failure-mining benchmark case.,Candidate for manual Stage 7 inspection only; not a prevalence claim and not causal proof.
27,GQA_04897435,gqa,04897435,2399886,/kaggle/input/datasets/tvtttv/gqa-thesis/GQA/images/2399886.jpg,data/kaggle_datasets/GQA/images/2399886.jpg,Is the pastry to the right or to the left of the white plate?,left,Left,Right,Left,Right,True,True,True,False,ours_only_recovery,rel,choose,relChooser,,SparseVLM-Original-64 is wrong and Ours-64 is correct in a non-failure-mining benchmark case.,Candidate for manual Stage 7 inspection only; not a prevalence claim and not causal proof.
28,GQA_06840857,gqa,06840857,2361881,/kaggle/input/datasets/tvtttv/gqa-thesis/GQA/images/2361881.jpg,data/kaggle_datasets/GQA/images/2361881.jpg,Where is the can?,floor,Floor,On table,Floor,On microwave,True,True,True,False,ours_only_recovery,rel,query,relO,,SparseVLM-Original-64 is wrong and Ours-64 is correct in a non-failure-mining benchmark case.,Candidate for manual Stage 7 inspection only; not a prevalence claim and not causal proof.
29,GQA_17829889,gqa,17829889,2400080,/kaggle/input/datasets/tvtttv/gqa-thesis/GQA/images/2400080.jpg,data/kaggle_datasets/GQA/images/2400080.jpg,What is the shape of the speaker to the right of the other speaker?,round,Round,Square,Round,Square,True,True,True,False,ours_only_recovery,attr,query,directOf,,SparseVLM-Original-64 is wrong and Ours-64 is correct in a non-failure-mining benchmark case.,Candidate for manual Stage 7 inspection only; not a prevalence claim and not causal proof.
30,GQA_19904667,gqa,19904667,2368905,/kaggle/input/datasets/tvtttv/gqa-thesis/GQA/images/2368905.jpg,data/kaggle_datasets/GQA/images/2368905.jpg,How is the vehicle that is to the left of the person that is to the left of the glasses called?,truck,Truck,Car,Truck,Car,True,True,True,False,ours_only_recovery,rel,query,categoryRelS,,SparseVLM-Original-64 is wrong and Ours-64 is correct in a non-failure-mining benchmark case.,Candidate for manual Stage 7 inspection only; not a prevalence claim and not causal proof.
31,POPE_adversarial_287,pope,adversarial_287,COCO_val2014_000000329717.jpg,/kaggle/input/datasets/tvtttv/pope-thesis/POPE/val2014/COCO_val2014_000000329717.jpg,data/kaggle_datasets/POPE/val2014/COCO_val2014_000000329717.jpg,Is there a handbag in the image?,yes,yes,no,yes,no,True,True,True,False,ours_only_recovery,,,,adversarial,SparseVLM-Original-64 is wrong and Ours-64 is correct in a non-failure-mining benchmark case.,Candidate for manual Stage 7 inspection only; not a prevalence claim and not causal proof.
32,POPE_popular_287,pope,popular_287,COCO_val2014_000000329717.jpg,/kaggle/input/datasets/tvtttv/pope-thesis/POPE/val2014/COCO_val2014_000000329717.jpg,data/kaggle_datasets/POPE/val2014/COCO_val2014_000000329717.jpg,Is there a handbag in the image?,yes,yes,no,yes,no,True,True,True,False,ours_only_recovery,,,,popular,SparseVLM-Original-64 is wrong and Ours-64 is correct in a non-failure-mining benchmark case.,Candidate for manual Stage 7 inspection only; not a prevalence claim and not causal proof.
33,POPE_random_272,pope,random_272,COCO_val2014_000000329717.jpg,/kaggle/input/datasets/tvtttv/pope-thesis/POPE/val2014/COCO_val2014_000000329717.jpg,data/kaggle_datasets/POPE/val2014/COCO_val2014_000000329717.jpg,Is there a handbag in the image?,yes,yes,no,yes,no,True,True,True,False,ours_only_recovery,,,,random,SparseVLM-Original-64 is wrong and Ours-64 is correct in a non-failure-mining benchmark case.,Candidate for manual Stage 7 inspection only; not a prevalence claim and not causal proof.
34,GQA_12977439,gqa,12977439,2322438,/kaggle/input/datasets/tvtttv/gqa-thesis/GQA/images/2322438.jpg,data/kaggle_datasets/GQA/images/2322438.jpg,What is in front of the wood wall?,bed,Bed,Lamp,Bed,Lamp,True,True,True,False,ours_only_recovery,rel,query,relS,,SparseVLM-Original-64 is wrong and Ours-64 is correct in a non-failure-mining benchmark case.,Candidate for manual Stage 7 inspection only; not a prevalence claim and not causal proof.
35,GQA_13904299,gqa,13904299,498121,/kaggle/input/datasets/tvtttv/gqa-thesis/GQA/images/498121.jpg,data/kaggle_datasets/GQA/images/498121.jpg,Is the yellow bag to the right of a man?,no,No,Yes,No,Yes,True,True,True,False,ours_only_recovery,rel,verify,relVerifyCr,,SparseVLM-Original-64 is wrong and Ours-64 is correct in a non-failure-mining benchmark case.,Candidate for manual Stage 7 inspection only; not a prevalence claim and not causal proof.
36,POPE_random_46,pope,random_46,COCO_val2014_000000461331.jpg,/kaggle/input/datasets/tvtttv/pope-thesis/POPE/val2014/COCO_val2014_000000461331.jpg,data/kaggle_datasets/POPE/val2014/COCO_val2014_000000461331.jpg,Is there a laptop in the image?,no,no,yes,no,yes,True,True,True,False,ours_only_recovery,,,,random,SparseVLM-Original-64 is wrong and Ours-64 is correct in a non-failure-mining benchmark case.,Candidate for manual Stage 7 inspection only; not a prevalence claim and not causal proof.
37,GQA_09638418,gqa,09638418,2341268,/kaggle/input/datasets/tvtttv/gqa-thesis/GQA/images/2341268.jpg,data/kaggle_datasets/GQA/images/2341268.jpg,Is the bike on the right of the picture?,no,No,Yes,No,Yes,True,True,True,False,ours_only_recovery,attr,verify,positionVerifyC,,SparseVLM-Original-64 is wrong and Ours-64 is correct in a non-failure-mining benchmark case.,Candidate for manual Stage 7 inspection only; not a prevalence claim and not causal proof.
38,GQA_181002748,gqa,181002748,2397825,/kaggle/input/datasets/tvtttv/gqa-thesis/GQA/images/2397825.jpg,data/kaggle_datasets/GQA/images/2397825.jpg,On which side of the image is the girl?,right,Right,Left,Right,Left,True,True,True,False,ours_only_recovery,attr,query,positionQuery,,SparseVLM-Original-64 is wrong and Ours-64 is correct in a non-failure-mining benchmark case.,Candidate for manual Stage 7 inspection only; not a prevalence claim and not causal proof.
39,GQA_03948744,gqa,03948744,2358903,/kaggle/input/datasets/tvtttv/gqa-thesis/GQA/images/2358903.jpg,data/kaggle_datasets/GQA/images/2358903.jpg,What vegetable is to the right of the pepper?,tomato,Tomato,Lettuce,Tomato,Lettuce,True,True,True,False,ours_only_recovery,rel,query,categoryRelS,,SparseVLM-Original-64 is wrong and Ours-64 is correct in a non-failure-mining benchmark case.,Candidate for manual Stage 7 inspection only; not a prevalence claim and not causal proof.
40,GQA_08591059,gqa,08591059,2410307,/kaggle/input/datasets/tvtttv/gqa-thesis/GQA/images/2410307.jpg,data/kaggle_datasets/GQA/images/2410307.jpg,What type of device is to the right of the coffee cup?,phone,Phone,Television,Phone,Television,True,True,True,False,ours_only_recovery,rel,query,categoryRelS,,SparseVLM-Original-64 is wrong and Ours-64 is correct in a non-failure-mining benchmark case.,Candidate for manual Stage 7 inspection only; not a prevalence claim and not causal proof.
41,GQA_12889581,gqa,12889581,2397488,/kaggle/input/datasets/tvtttv/gqa-thesis/GQA/images/2397488.jpg,data/kaggle_datasets/GQA/images/2397488.jpg,Is the woman to the left or to the right of the vehicle that the bicycle is in front of?,left,Left,Right,Left,Right,True,True,True,False,ours_only_recovery,rel,choose,relChooser,,SparseVLM-Original-64 is wrong and Ours-64 is correct in a non-failure-mining benchmark case.,Candidate for manual Stage 7 inspection only; not a prevalence claim and not causal proof.
42,GQA_12517931,gqa,12517931,2413202,/kaggle/input/datasets/tvtttv/gqa-thesis/GQA/images/2413202.jpg,data/kaggle_datasets/GQA/images/2413202.jpg,Are the pants black or tan?,tan,Tan,Black,Tan,Black,True,True,True,False,ours_only_recovery,attr,choose,chooseAttr,,SparseVLM-Original-64 is wrong and Ours-64 is correct in a non-failure-mining benchmark case.,Candidate for manual Stage 7 inspection only; not a prevalence claim and not causal proof.
43,GQA_17863592,gqa,17863592,2399389,/kaggle/input/datasets/tvtttv/gqa-thesis/GQA/images/2399389.jpg,data/kaggle_datasets/GQA/images/2399389.jpg,Is the tomato to the right of a plate?,no,No,Yes,No,Yes,True,True,True,False,ours_only_recovery,rel,verify,relVerifyCr,,SparseVLM-Original-64 is wrong and Ours-64 is correct in a non-failure-mining benchmark case.,Candidate for manual Stage 7 inspection only; not a prevalence claim and not causal proof.
44,GQA_08948215,gqa,08948215,2343937,/kaggle/input/datasets/tvtttv/gqa-thesis/GQA/images/2343937.jpg,data/kaggle_datasets/GQA/images/2343937.jpg,Does the fire hydrant have a different color than the chain?,yes,Yes,No,Yes,No,True,True,True,False,ours_only_recovery,attr,compare,twoDifferent,,SparseVLM-Original-64 is wrong and Ours-64 is correct in a non-failure-mining benchmark case.,Candidate for manual Stage 7 inspection only; not a prevalence claim and not causal proof.
45,GQA_09720875,gqa,09720875,2368297,/kaggle/input/datasets/tvtttv/gqa-thesis/GQA/images/2368297.jpg,data/kaggle_datasets/GQA/images/2368297.jpg,Do you see any shelves to the left of the clock in the top of the image?,yes,Yes,No,Yes,No,True,True,True,False,ours_only_recovery,rel,verify,existRelS,,SparseVLM-Original-64 is wrong and Ours-64 is correct in a non-failure-mining benchmark case.,Candidate for manual Stage 7 inspection only; not a prevalence claim and not causal proof.
46,GQA_08470583,gqa,08470583,2386200,/kaggle/input/datasets/tvtttv/gqa-thesis/GQA/images/2386200.jpg,data/kaggle_datasets/GQA/images/2386200.jpg,What is the name of the watercraft in the still water?,sailboat,Sailboat,Boats,Sailboat,Boats,True,True,True,False,ours_only_recovery,rel,query,categoryRelS,,SparseVLM-Original-64 is wrong and Ours-64 is correct in a non-failure-mining benchmark case.,Candidate for manual Stage 7 inspection only; not a prevalence claim and not causal proof.
47,POPE_random_455,pope,random_455,COCO_val2014_000000332625.jpg,/kaggle/input/datasets/tvtttv/pope-thesis/POPE/val2014/COCO_val2014_000000332625.jpg,data/kaggle_datasets/POPE/val2014/COCO_val2014_000000332625.jpg,Is there an airplane in the imange?,yes,yes,no,yes,no,True,True,True,False,ours_only_recovery,,,,random,SparseVLM-Original-64 is wrong and Ours-64 is correct in a non-failure-mining benchmark case.,Candidate for manual Stage 7 inspection only; not a prevalence claim and not causal proof.
48,GQA_01332184,gqa,01332184,2385859,/kaggle/input/datasets/tvtttv/gqa-thesis/GQA/images/2385859.jpg,data/kaggle_datasets/GQA/images/2385859.jpg,Is the watch black?,no,No,Yes,No,Yes,True,True,True,False,ours_only_recovery,attr,verify,verifyAttrC,,SparseVLM-Original-64 is wrong and Ours-64 is correct in a non-failure-mining benchmark case.,Candidate for manual Stage 7 inspection only; not a prevalence claim and not causal proof.
49,GQA_17150206,gqa,17150206,2381387,/kaggle/input/datasets/tvtttv/gqa-thesis/GQA/images/2381387.jpg,data/kaggle_datasets/GQA/images/2381387.jpg,Is the sign the same color as the fence?,yes,Yes,No,Yes,No,True,True,True,False,ours_only_recovery,attr,compare,twoSame,,SparseVLM-Original-64 is wrong and Ours-64 is correct in a non-failure-mining benchmark case.,Candidate for manual Stage 7 inspection only; not a prevalence claim and not causal proof.
50,GQA_00665875,gqa,00665875,2317322,/kaggle/input/datasets/tvtttv/gqa-thesis/GQA/images/2317322.jpg,data/kaggle_datasets/GQA/images/2317322.jpg,How is the vegetable that is lying on top of the plate called?,potato,Potato,Carrot,Potato,Carrot,True,True,True,False,ours_only_recovery,rel,query,categoryRelS,,SparseVLM-Original-64 is wrong and Ours-64 is correct in a non-failure-mining benchmark case.,Candidate for manual Stage 7 inspection only; not a prevalence claim and not causal proof.
51,GQA_09730767,gqa,09730767,2358122,/kaggle/input/datasets/tvtttv/gqa-thesis/GQA/images/2358122.jpg,data/kaggle_datasets/GQA/images/2358122.jpg,He is where?,carriage,Carriage,Road,Carriage,Road,True,True,True,False,ours_only_recovery,rel,query,relO,,SparseVLM-Original-64 is wrong and Ours-64 is correct in a non-failure-mining benchmark case.,Candidate for manual Stage 7 inspection only; not a prevalence claim and not causal proof.
52,GQA_02756135,gqa,02756135,2376625,/kaggle/input/datasets/tvtttv/gqa-thesis/GQA/images/2376625.jpg,data/kaggle_datasets/GQA/images/2376625.jpg,Is the horse in the bottom of the image?,no,No,Yes,No,Yes,True,True,True,False,ours_only_recovery,attr,verify,positionVerifyC,,SparseVLM-Original-64 is wrong and Ours-64 is correct in a non-failure-mining benchmark case.,Candidate for manual Stage 7 inspection only; not a prevalence claim and not causal proof.
53,GQA_07848987,gqa,07848987,2340585,/kaggle/input/datasets/tvtttv/gqa-thesis/GQA/images/2340585.jpg,data/kaggle_datasets/GQA/images/2340585.jpg,What is the vegetable that is lying on top of the white object that is sitting on top of the table?,cucumber,Cucumber,Tomato,Cucumber,Lemon,True,True,True,False,ours_only_recovery,rel,query,categoryRelS,,SparseVLM-Original-64 is wrong and Ours-64 is correct in a non-failure-mining benchmark case.,Candidate for manual Stage 7 inspection only; not a prevalence claim and not causal proof.
54,GQA_07886813,gqa,07886813,85,/kaggle/input/datasets/tvtttv/gqa-thesis/GQA/images/85.jpg,data/kaggle_datasets/GQA/images/85.jpg,Which color is the television that is in the middle of the picture?,gray,Gray,Silver,Gray,Silver,True,True,True,False,ours_only_recovery,attr,query,directWhich,,SparseVLM-Original-64 is wrong and Ours-64 is correct in a non-failure-mining benchmark case.,Candidate for manual Stage 7 inspection only; not a prevalence claim and not causal proof.
55,GQA_16208191,gqa,16208191,2338510,/kaggle/input/datasets/tvtttv/gqa-thesis/GQA/images/2338510.jpg,data/kaggle_datasets/GQA/images/2338510.jpg,What type of appliance is on the counter?,microwave,Microwave,Refrigerator,Microwave,Refrigerator,True,True,True,False,ours_only_recovery,rel,query,categoryRelS,,SparseVLM-Original-64 is wrong and Ours-64 is correct in a non-failure-mining benchmark case.,Candidate for manual Stage 7 inspection only; not a prevalence claim and not causal proof.
56,GQA_17298997,gqa,17298997,2390690,/kaggle/input/datasets/tvtttv/gqa-thesis/GQA/images/2390690.jpg,data/kaggle_datasets/GQA/images/2390690.jpg,Is the motorcycle on the right?,no,No,Yes,No,Yes,True,True,True,False,ours_only_recovery,attr,verify,positionVerifyC,,SparseVLM-Original-64 is wrong and Ours-64 is correct in a non-failure-mining benchmark case.,Candidate for manual Stage 7 inspection only; not a prevalence claim and not causal proof.
57,GQA_01192064,gqa,01192064,2362126,/kaggle/input/datasets/tvtttv/gqa-thesis/GQA/images/2362126.jpg,data/kaggle_datasets/GQA/images/2362126.jpg,"On which side is the man, the right or the left?",right,Right,Left,Right,Left,True,True,True,False,ours_only_recovery,attr,choose,positionChoose,,SparseVLM-Original-64 is wrong and Ours-64 is correct in a non-failure-mining benchmark case.,Candidate for manual Stage 7 inspection only; not a prevalence claim and not causal proof.
58,GQA_03992241,gqa,03992241,4101,/kaggle/input/datasets/tvtttv/gqa-thesis/GQA/images/4101.jpg,data/kaggle_datasets/GQA/images/4101.jpg,Is the chair in the bottom or in the top part of the image?,bottom,Bottom,Top,Bottom,Top,True,True,True,False,ours_only_recovery,attr,choose,positionChoose,,SparseVLM-Original-64 is wrong and Ours-64 is correct in a non-failure-mining benchmark case.,Candidate for manual Stage 7 inspection only; not a prevalence claim and not causal proof.
59,GQA_05831816,gqa,05831816,2410522,/kaggle/input/datasets/tvtttv/gqa-thesis/GQA/images/2410522.jpg,data/kaggle_datasets/GQA/images/2410522.jpg,What material makes up the utensil to the right of the food?,plastic,Plastic,Metal,Plastic,Metal,True,True,True,False,ours_only_recovery,attr,query,material,,SparseVLM-Original-64 is wrong and Ours-64 is correct in a non-failure-mining benchmark case.,Candidate for manual Stage 7 inspection only; not a prevalence claim and not causal proof.
60,GQA_09614107,gqa,09614107,2400609,/kaggle/input/datasets/tvtttv/gqa-thesis/GQA/images/2400609.jpg,data/kaggle_datasets/GQA/images/2400609.jpg,"In which part of the photo are the people, the top or the bottom?",bottom,Bottom,Top,Bottom,Top,True,True,True,False,ours_only_recovery,attr,choose,positionChoose,,SparseVLM-Original-64 is wrong and Ours-64 is correct in a non-failure-mining benchmark case.,Candidate for manual Stage 7 inspection only; not a prevalence claim and not causal proof.
61,GQA_111042356,gqa,111042356,2363481,/kaggle/input/datasets/tvtttv/gqa-thesis/GQA/images/2363481.jpg,data/kaggle_datasets/GQA/images/2363481.jpg,Are there any benches or fences?,yes,Yes,No,Yes,No,True,True,True,False,ours_only_recovery,obj,logical,existOr,,SparseVLM-Original-64 is wrong and Ours-64 is correct in a non-failure-mining benchmark case.,Candidate for manual Stage 7 inspection only; not a prevalence claim and not causal proof.
62,GQA_18951821,gqa,18951821,2363548,/kaggle/input/datasets/tvtttv/gqa-thesis/GQA/images/2363548.jpg,data/kaggle_datasets/GQA/images/2363548.jpg,Is the man on the right or on the left side of the image?,left,Left,Right,Left,Right,True,True,True,False,ours_only_recovery,attr,choose,positionChoose,,SparseVLM-Original-64 is wrong and Ours-64 is correct in a non-failure-mining benchmark case.,Candidate for manual Stage 7 inspection only; not a prevalence claim and not causal proof.
63,GQA_04763441,gqa,04763441,2398398,/kaggle/input/datasets/tvtttv/gqa-thesis/GQA/images/2398398.jpg,data/kaggle_datasets/GQA/images/2398398.jpg,What is the image showing?,path,Path,Street,Path,Street,True,True,True,False,ours_only_recovery,global,query,place,,SparseVLM-Original-64 is wrong and Ours-64 is correct in a non-failure-mining benchmark case.,Candidate for manual Stage 7 inspection only; not a prevalence claim and not causal proof.
64,GQA_05481736,gqa,05481736,2350116,/kaggle/input/datasets/tvtttv/gqa-thesis/GQA/images/2350116.jpg,data/kaggle_datasets/GQA/images/2350116.jpg,On which side are the skis?,left,Left,Right,Left,Right,True,True,True,False,ours_only_recovery,attr,query,positionQuery,,SparseVLM-Original-64 is wrong and Ours-64 is correct in a non-failure-mining benchmark case.,Candidate for manual Stage 7 inspection only; not a prevalence claim and not causal proof.
65,GQA_0331971,gqa,0331971,2394922,/kaggle/input/datasets/tvtttv/gqa-thesis/GQA/images/2394922.jpg,data/kaggle_datasets/GQA/images/2394922.jpg,On which side is the silver plate?,right,Right,Left,Right,Left,True,True,True,False,ours_only_recovery,attr,query,positionQuery,,SparseVLM-Original-64 is wrong and Ours-64 is correct in a non-failure-mining benchmark case.,Candidate for manual Stage 7 inspection only; not a prevalence claim and not causal proof.
66,GQA_17786365,gqa,17786365,2352226,/kaggle/input/datasets/tvtttv/gqa-thesis/GQA/images/2352226.jpg,data/kaggle_datasets/GQA/images/2352226.jpg,What is the blue towel hanging on?,stove,Stove,Oven,Stove,Oven,True,True,True,False,ours_only_recovery,rel,query,relO,,SparseVLM-Original-64 is wrong and Ours-64 is correct in a non-failure-mining benchmark case.,Candidate for manual Stage 7 inspection only; not a prevalence claim and not causal proof.
67,GQA_03472445,gqa,03472445,2363794,/kaggle/input/datasets/tvtttv/gqa-thesis/GQA/images/2363794.jpg,data/kaggle_datasets/GQA/images/2363794.jpg,What color do you think the counter has?,white,White,Black,White,Black,True,True,True,False,ours_only_recovery,attr,query,directWhich,,SparseVLM-Original-64 is wrong and Ours-64 is correct in a non-failure-mining benchmark case.,Candidate for manual Stage 7 inspection only; not a prevalence claim and not causal proof.
68,GQA_0348061,gqa,0348061,2376548,/kaggle/input/datasets/tvtttv/gqa-thesis/GQA/images/2376548.jpg,data/kaggle_datasets/GQA/images/2376548.jpg,Which kind of fruit is on the plate?,apple,Apple,Grapes,Apple,Grapes,True,True,True,False,ours_only_recovery,rel,query,categoryRelS,,SparseVLM-Original-64 is wrong and Ours-64 is correct in a non-failure-mining benchmark case.,Candidate for manual Stage 7 inspection only; not a prevalence claim and not causal proof.
69,GQA_03104844,gqa,03104844,2317561,/kaggle/input/datasets/tvtttv/gqa-thesis/GQA/images/2317561.jpg,data/kaggle_datasets/GQA/images/2317561.jpg,Is the telephone to the left of a keyboard?,yes,Yes,No,Yes,No,True,True,True,False,ours_only_recovery,rel,verify,relVerify,,SparseVLM-Original-64 is wrong and Ours-64 is correct in a non-failure-mining benchmark case.,Candidate for manual Stage 7 inspection only; not a prevalence claim and not causal proof.
70,GQA_11283638,gqa,11283638,2355633,/kaggle/input/datasets/tvtttv/gqa-thesis/GQA/images/2355633.jpg,data/kaggle_datasets/GQA/images/2355633.jpg,On which side of the photo is the cup?,right,Right,Left,Right,Left,True,True,True,False,ours_only_recovery,attr,query,positionQuery,,SparseVLM-Original-64 is wrong and Ours-64 is correct in a non-failure-mining benchmark case.,Candidate for manual Stage 7 inspection only; not a prevalence claim and not causal proof.
71,GQA_14768956,gqa,14768956,2396253,/kaggle/input/datasets/tvtttv/gqa-thesis/GQA/images/2396253.jpg,data/kaggle_datasets/GQA/images/2396253.jpg,Is the man to the left or to the right of the bike that is on the bench?,left,Left,Right,Left,Right,True,True,True,False,ours_only_recovery,rel,choose,relChooser,,SparseVLM-Original-64 is wrong and Ours-64 is correct in a non-failure-mining benchmark case.,Candidate for manual Stage 7 inspection only; not a prevalence claim and not causal proof.
72,GQA_15418555,gqa,15418555,2391000,/kaggle/input/datasets/tvtttv/gqa-thesis/GQA/images/2391000.jpg,data/kaggle_datasets/GQA/images/2391000.jpg,What's the path covered with?,leaves,Leaves,Dirt,Leaves,Dirt,True,True,True,False,ours_only_recovery,rel,query,relO,,SparseVLM-Original-64 is wrong and Ours-64 is correct in a non-failure-mining benchmark case.,Candidate for manual Stage 7 inspection only; not a prevalence claim and not causal proof.
73,GQA_16581340,gqa,16581340,2354077,/kaggle/input/datasets/tvtttv/gqa-thesis/GQA/images/2354077.jpg,data/kaggle_datasets/GQA/images/2354077.jpg,Are there both beds and tables?,yes,Yes,No,Yes,No,True,True,True,False,ours_only_recovery,obj,logical,existAnd,,SparseVLM-Original-64 is wrong and Ours-64 is correct in a non-failure-mining benchmark case.,Candidate for manual Stage 7 inspection only; not a prevalence claim and not causal proof.
74,POPE_adversarial_54,pope,adversarial_54,COCO_val2014_000000544456.jpg,/kaggle/input/datasets/tvtttv/pope-thesis/POPE/val2014/COCO_val2014_000000544456.jpg,data/kaggle_datasets/POPE/val2014/COCO_val2014_000000544456.jpg,Is there a snowboard in the image?,no,no,yes,no,yes,True,True,True,False,ours_only_recovery,,,,adversarial,SparseVLM-Original-64 is wrong and Ours-64 is correct in a non-failure-mining benchmark case.,Candidate for manual Stage 7 inspection only; not a prevalence claim and not causal proof.
75,GQA_06996662,gqa,06996662,2395942,/kaggle/input/datasets/tvtttv/gqa-thesis/GQA/images/2395942.jpg,data/kaggle_datasets/GQA/images/2395942.jpg,Which color does the pillow in the top part of the image have?,blue,Blue,White,Blue,White,True,True,True,False,ours_only_recovery,attr,query,directWhich,,SparseVLM-Original-64 is wrong and Ours-64 is correct in a non-failure-mining benchmark case.,Candidate for manual Stage 7 inspection only; not a prevalence claim and not causal proof.
76,POPE_adversarial_21,pope,adversarial_21,COCO_val2014_000000211674.jpg,/kaggle/input/datasets/tvtttv/pope-thesis/POPE/val2014/COCO_val2014_000000211674.jpg,data/kaggle_datasets/POPE/val2014/COCO_val2014_000000211674.jpg,Is there a potted plant in the image?,yes,yes,no,yes,no,True,True,True,False,ours_only_recovery,,,,adversarial,SparseVLM-Original-64 is wrong and Ours-64 is correct in a non-failure-mining benchmark case.,Candidate for manual Stage 7 inspection only; not a prevalence claim and not causal proof.
77,POPE_popular_21,pope,popular_21,COCO_val2014_000000211674.jpg,/kaggle/input/datasets/tvtttv/pope-thesis/POPE/val2014/COCO_val2014_000000211674.jpg,data/kaggle_datasets/POPE/val2014/COCO_val2014_000000211674.jpg,Is there a potted plant in the image?,yes,yes,no,yes,no,True,True,True,False,ours_only_recovery,,,,popular,SparseVLM-Original-64 is wrong and Ours-64 is correct in a non-failure-mining benchmark case.,Candidate for manual Stage 7 inspection only; not a prevalence claim and not causal proof.
78,POPE_random_20,pope,random_20,COCO_val2014_000000211674.jpg,/kaggle/input/datasets/tvtttv/pope-thesis/POPE/val2014/COCO_val2014_000000211674.jpg,data/kaggle_datasets/POPE/val2014/COCO_val2014_000000211674.jpg,Is there a potted plant in the image?,yes,yes,no,yes,no,True,True,True,False,ours_only_recovery,,,,random,SparseVLM-Original-64 is wrong and Ours-64 is correct in a non-failure-mining benchmark case.,Candidate for manual Stage 7 inspection only; not a prevalence claim and not causal proof.
79,GQA_11714261,gqa,11714261,2394367,/kaggle/input/datasets/tvtttv/gqa-thesis/GQA/images/2394367.jpg,data/kaggle_datasets/GQA/images/2394367.jpg,What item of furniture is to the left of the toilet?,drawer,Drawer,Bed,Drawer,Shelf,True,True,True,False,ours_only_recovery,rel,query,categoryRelS,,SparseVLM-Original-64 is wrong and Ours-64 is correct in a non-failure-mining benchmark case.,Candidate for manual Stage 7 inspection only; not a prevalence claim and not causal proof.
80,GQA_0820641,gqa,0820641,2331803,/kaggle/input/datasets/tvtttv/gqa-thesis/GQA/images/2331803.jpg,data/kaggle_datasets/GQA/images/2331803.jpg,Where is the woman?,hill,Hill,Beach,Hill,Beach,True,True,True,False,ours_only_recovery,rel,query,relO,,SparseVLM-Original-64 is wrong and Ours-64 is correct in a non-failure-mining benchmark case.,Candidate for manual Stage 7 inspection only; not a prevalence claim and not causal proof.
81,GQA_07949285,gqa,07949285,2348437,/kaggle/input/datasets/tvtttv/gqa-thesis/GQA/images/2348437.jpg,data/kaggle_datasets/GQA/images/2348437.jpg,What is under the sink that looks white?,trash can,Trash can,Pipe,Trash can,Pipe,True,True,True,False,ours_only_recovery,rel,query,relS,,SparseVLM-Original-64 is wrong and Ours-64 is correct in a non-failure-mining benchmark case.,Candidate for manual Stage 7 inspection only; not a prevalence claim and not causal proof.
82,GQA_10518347,gqa,10518347,2413942,/kaggle/input/datasets/tvtttv/gqa-thesis/GQA/images/2413942.jpg,data/kaggle_datasets/GQA/images/2413942.jpg,What is the device that the young person is holding?,cell phone,Cell phone,Phone,Cell phone,Phone,True,True,True,False,ours_only_recovery,rel,query,categoryRelO,,SparseVLM-Original-64 is wrong and Ours-64 is correct in a non-failure-mining benchmark case.,Candidate for manual Stage 7 inspection only; not a prevalence claim and not causal proof.
83,GQA_02205440,gqa,02205440,2722,/kaggle/input/datasets/tvtttv/gqa-thesis/GQA/images/2722.jpg,data/kaggle_datasets/GQA/images/2722.jpg,On which side of the image is the man?,left,Left,Right,Left,Right,True,True,True,False,ours_only_recovery,attr,query,positionQuery,,SparseVLM-Original-64 is wrong and Ours-64 is correct in a non-failure-mining benchmark case.,Candidate for manual Stage 7 inspection only; not a prevalence claim and not causal proof.
84,GQA_01878378,gqa,01878378,2343120,/kaggle/input/datasets/tvtttv/gqa-thesis/GQA/images/2343120.jpg,data/kaggle_datasets/GQA/images/2343120.jpg,On which side of the picture is the gorilla?,right,Right,Left,Right,Left,True,True,True,False,ours_only_recovery,attr,query,positionQuery,,SparseVLM-Original-64 is wrong and Ours-64 is correct in a non-failure-mining benchmark case.,Candidate for manual Stage 7 inspection only; not a prevalence claim and not causal proof.
85,GQA_16196419,gqa,16196419,2388870,/kaggle/input/datasets/tvtttv/gqa-thesis/GQA/images/2388870.jpg,data/kaggle_datasets/GQA/images/2388870.jpg,Which kind of device is it?,screen,Screen,Phone,Screen,Camera,True,True,True,False,ours_only_recovery,cat,query,category,,SparseVLM-Original-64 is wrong and Ours-64 is correct in a non-failure-mining benchmark case.,Candidate for manual Stage 7 inspection only; not a prevalence claim and not causal proof.
86,GQA_06122733,gqa,06122733,2395059,/kaggle/input/datasets/tvtttv/gqa-thesis/GQA/images/2395059.jpg,data/kaggle_datasets/GQA/images/2395059.jpg,What device is in the drawer?,keyboard,Computer,Laptop,Keyboard,Computer,False,True,True,False,ours_only_recovery,rel,query,categoryRelS,,SparseVLM-Original-64 is wrong and Ours-64 is correct in a non-failure-mining benchmark case.,Candidate for manual Stage 7 inspection only; not a prevalence claim and not causal proof.
87,POPE_adversarial_358,pope,adversarial_358,COCO_val2014_000000192660.jpg,/kaggle/input/datasets/tvtttv/pope-thesis/POPE/val2014/COCO_val2014_000000192660.jpg,data/kaggle_datasets/POPE/val2014/COCO_val2014_000000192660.jpg,Is there a cup in the image?,no,yes,yes,no,yes,False,True,True,False,ours_only_recovery,,,,adversarial,SparseVLM-Original-64 is wrong and Ours-64 is correct in a non-failure-mining benchmark case.,Candidate for manual Stage 7 inspection only; not a prevalence claim and not causal proof.
88,POPE_popular_360,pope,popular_360,COCO_val2014_000000192660.jpg,/kaggle/input/datasets/tvtttv/pope-thesis/POPE/val2014/COCO_val2014_000000192660.jpg,data/kaggle_datasets/POPE/val2014/COCO_val2014_000000192660.jpg,Is there a cup in the image?,no,yes,yes,no,yes,False,True,True,False,ours_only_recovery,,,,popular,SparseVLM-Original-64 is wrong and Ours-64 is correct in a non-failure-mining benchmark case.,Candidate for manual Stage 7 inspection only; not a prevalence claim and not causal proof.
89,POPE_random_342,pope,random_342,COCO_val2014_000000192660.jpg,/kaggle/input/datasets/tvtttv/pope-thesis/POPE/val2014/COCO_val2014_000000192660.jpg,data/kaggle_datasets/POPE/val2014/COCO_val2014_000000192660.jpg,Is there a backpack in the image?,no,yes,yes,no,yes,False,True,True,False,ours_only_recovery,,,,random,SparseVLM-Original-64 is wrong and Ours-64 is correct in a non-failure-mining benchmark case.,Candidate for manual Stage 7 inspection only; not a prevalence claim and not causal proof.
90,GQA_111008682,gqa,111008682,2317588,/kaggle/input/datasets/tvtttv/gqa-thesis/GQA/images/2317588.jpg,data/kaggle_datasets/GQA/images/2317588.jpg,On which side is the curtain?,left,Right,Right,Left,Right,False,True,True,False,ours_only_recovery,attr,query,positionQuery,,SparseVLM-Original-64 is wrong and Ours-64 is correct in a non-failure-mining benchmark case.,Candidate for manual Stage 7 inspection only; not a prevalence claim and not causal proof.
91,GQA_00364759,gqa,00364759,2367770,/kaggle/input/datasets/tvtttv/gqa-thesis/GQA/images/2367770.jpg,data/kaggle_datasets/GQA/images/2367770.jpg,What is under the food with the icing?,paper,Napkin,Cup,Paper,Napkin,False,True,True,False,ours_only_recovery,rel,query,relS,,SparseVLM-Original-64 is wrong and Ours-64 is correct in a non-failure-mining benchmark case.,Candidate for manual Stage 7 inspection only; not a prevalence claim and not causal proof.
92,GQA_12334219,gqa,12334219,2320242,/kaggle/input/datasets/tvtttv/gqa-thesis/GQA/images/2320242.jpg,data/kaggle_datasets/GQA/images/2320242.jpg,The man to the left of the person wears what?,shirt,Glasses,Glasses,Shirt,Glasses,False,True,True,False,ours_only_recovery,rel,query,relO,,SparseVLM-Original-64 is wrong and Ours-64 is correct in a non-failure-mining benchmark case.,Candidate for manual Stage 7 inspection only; not a prevalence claim and not causal proof.
93,GQA_04781051,gqa,04781051,2389455,/kaggle/input/datasets/tvtttv/gqa-thesis/GQA/images/2389455.jpg,data/kaggle_datasets/GQA/images/2389455.jpg,Are there any chairs at the counter?,no,Yes,Yes,No,Yes,False,True,True,False,ours_only_recovery,rel,verify,existRelSC,,SparseVLM-Original-64 is wrong and Ours-64 is correct in a non-failure-mining benchmark case.,Candidate for manual Stage 7 inspection only; not a prevalence claim and not causal proof.
94,GQA_00883150,gqa,00883150,2355234,/kaggle/input/datasets/tvtttv/gqa-thesis/GQA/images/2355234.jpg,data/kaggle_datasets/GQA/images/2355234.jpg,Is the vase to the left or to the right of the pillow in the middle of the picture?,right,Left,Left,Right,Left,False,True,True,False,ours_only_recovery,rel,choose,relChooser,,SparseVLM-Original-64 is wrong and Ours-64 is correct in a non-failure-mining benchmark case.,Candidate for manual Stage 7 inspection only; not a prevalence claim and not causal proof.
95,GQA_02309173,gqa,02309173,2336064,/kaggle/input/datasets/tvtttv/gqa-thesis/GQA/images/2336064.jpg,data/kaggle_datasets/GQA/images/2336064.jpg,"On which side of the photo is the screen, the right or the left?",left,Right,Right,Left,Right,False,True,True,False,ours_only_recovery,attr,choose,positionChoose,,SparseVLM-Original-64 is wrong and Ours-64 is correct in a non-failure-mining benchmark case.,Candidate for manual Stage 7 inspection only; not a prevalence claim and not causal proof.
96,GQA_06587004,gqa,06587004,21,/kaggle/input/datasets/tvtttv/gqa-thesis/GQA/images/21.jpg,data/kaggle_datasets/GQA/images/21.jpg,What is the woman doing?,pointing,Reading,Reading,Pointing,Reading,False,True,True,False,ours_only_recovery,attr,query,activity,,SparseVLM-Original-64 is wrong and Ours-64 is correct in a non-failure-mining benchmark case.,Candidate for manual Stage 7 inspection only; not a prevalence claim and not causal proof.
97,GQA_10925224,gqa,10925224,1591820,/kaggle/input/datasets/tvtttv/gqa-thesis/GQA/images/1591820.jpg,data/kaggle_datasets/GQA/images/1591820.jpg,What kind of vehicle is to the left of the bag?,car,Bus,Bus,Car,Bus,False,True,True,False,ours_only_recovery,rel,query,categoryRelS,,SparseVLM-Original-64 is wrong and Ours-64 is correct in a non-failure-mining benchmark case.,Candidate for manual Stage 7 inspection only; not a prevalence claim and not causal proof.
98,GQA_04354321,gqa,04354321,2396447,/kaggle/input/datasets/tvtttv/gqa-thesis/GQA/images/2396447.jpg,data/kaggle_datasets/GQA/images/2396447.jpg,Does the plate to the left of the bowl look white and small?,yes,No,No,Yes,No,False,True,True,False,ours_only_recovery,attr,logical,verifyAttrs,,SparseVLM-Original-64 is wrong and Ours-64 is correct in a non-failure-mining benchmark case.,Candidate for manual Stage 7 inspection only; not a prevalence claim and not causal proof.
99,GQA_19321644,gqa,19321644,2340236,/kaggle/input/datasets/tvtttv/gqa-thesis/GQA/images/2340236.jpg,data/kaggle_datasets/GQA/images/2340236.jpg,What color is the mat?,green,White,Black,Green,Black,False,True,True,False,ours_only_recovery,attr,query,directOf,,SparseVLM-Original-64 is wrong and Ours-64 is correct in a non-failure-mining benchmark case.,Candidate for manual Stage 7 inspection only; not a prevalence claim and not causal proof.
100,GQA_06199707,gqa,06199707,2353040,/kaggle/input/datasets/tvtttv/gqa-thesis/GQA/images/2353040.jpg,data/kaggle_datasets/GQA/images/2353040.jpg,What is located on top of the oven in this photo?,pot,Pizza,Pizza,Pot,Pizza,False,True,True,False,ours_only_recovery,rel,query,relS,,SparseVLM-Original-64 is wrong and Ours-64 is correct in a non-failure-mining benchmark case.,Candidate for manual Stage 7 inspection only; not a prevalence claim and not causal proof.
101,GQA_09880084,gqa,09880084,2405889,/kaggle/input/datasets/tvtttv/gqa-thesis/GQA/images/2405889.jpg,data/kaggle_datasets/GQA/images/2405889.jpg,Is the man to the left of a child?,yes,No,No,Yes,No,False,True,True,False,ours_only_recovery,rel,verify,relVerify,,SparseVLM-Original-64 is wrong and Ours-64 is correct in a non-failure-mining benchmark case.,Candidate for manual Stage 7 inspection only; not a prevalence claim and not causal proof.
102,GQA_06861548,gqa,06861548,2386261,/kaggle/input/datasets/tvtttv/gqa-thesis/GQA/images/2386261.jpg,data/kaggle_datasets/GQA/images/2386261.jpg,Is the tray red?,yes,No,No,Yes,No,False,True,True,False,ours_only_recovery,attr,verify,verifyAttr,,SparseVLM-Original-64 is wrong and Ours-64 is correct in a non-failure-mining benchmark case.,Candidate for manual Stage 7 inspection only; not a prevalence claim and not causal proof.
103,GQA_08842779,gqa,08842779,2386918,/kaggle/input/datasets/tvtttv/gqa-thesis/GQA/images/2386918.jpg,data/kaggle_datasets/GQA/images/2386918.jpg,Do the long pants look blue?,yes,No,No,Yes,No,False,True,True,False,ours_only_recovery,attr,verify,verifyAttrK,,SparseVLM-Original-64 is wrong and Ours-64 is correct in a non-failure-mining benchmark case.,Candidate for manual Stage 7 inspection only; not a prevalence claim and not causal proof.
104,POPE_adversarial_43,pope,adversarial_43,COCO_val2014_000000461331.jpg,/kaggle/input/datasets/tvtttv/pope-thesis/POPE/val2014/COCO_val2014_000000461331.jpg,data/kaggle_datasets/POPE/val2014/COCO_val2014_000000461331.jpg,Is there a tv in the image?,yes,no,no,yes,no,False,True,True,False,ours_only_recovery,,,,adversarial,SparseVLM-Original-64 is wrong and Ours-64 is correct in a non-failure-mining benchmark case.,Candidate for manual Stage 7 inspection only; not a prevalence claim and not causal proof.
105,POPE_popular_43,pope,popular_43,COCO_val2014_000000461331.jpg,/kaggle/input/datasets/tvtttv/pope-thesis/POPE/val2014/COCO_val2014_000000461331.jpg,data/kaggle_datasets/POPE/val2014/COCO_val2014_000000461331.jpg,Is there a tv in the image?,yes,no,no,yes,no,False,True,True,False,ours_only_recovery,,,,popular,SparseVLM-Original-64 is wrong and Ours-64 is correct in a non-failure-mining benchmark case.,Candidate for manual Stage 7 inspection only; not a prevalence claim and not causal proof.
106,GQA_101022616,gqa,101022616,2407031,/kaggle/input/datasets/tvtttv/gqa-thesis/GQA/images/2407031.jpg,data/kaggle_datasets/GQA/images/2407031.jpg,Is the bathtub dirty?,yes,No,No,Yes,No,False,True,True,False,ours_only_recovery,attr,verify,verifyAttr,,SparseVLM-Original-64 is wrong and Ours-64 is correct in a non-failure-mining benchmark case.,Candidate for manual Stage 7 inspection only; not a prevalence claim and not causal proof.
107,GQA_13711591,gqa,13711591,2375467,/kaggle/input/datasets/tvtttv/gqa-thesis/GQA/images/2375467.jpg,data/kaggle_datasets/GQA/images/2375467.jpg,How is the vehicle that is the same color as the sign on the pole called?,truck,Van,Car,Truck,Car,False,True,True,False,ours_only_recovery,rel,query,sameRelate,,SparseVLM-Original-64 is wrong and Ours-64 is correct in a non-failure-mining benchmark case.,Candidate for manual Stage 7 inspection only; not a prevalence claim and not causal proof.
108,GQA_08607019,gqa,08607019,2391115,/kaggle/input/datasets/tvtttv/gqa-thesis/GQA/images/2391115.jpg,data/kaggle_datasets/GQA/images/2391115.jpg,On which side of the photo is the person?,right,Left,Left,Right,Left,False,True,True,False,ours_only_recovery,attr,query,positionQuery,,SparseVLM-Original-64 is wrong and Ours-64 is correct in a non-failure-mining benchmark case.,Candidate for manual Stage 7 inspection only; not a prevalence claim and not causal proof.
109,GQA_04722449,gqa,04722449,2353599,/kaggle/input/datasets/tvtttv/gqa-thesis/GQA/images/2353599.jpg,data/kaggle_datasets/GQA/images/2353599.jpg,What type of food is to the left of the man on the right side?,cookies,Bread,Dip,Cookies,Dip,False,True,True,False,ours_only_recovery,rel,query,categoryRelS,,SparseVLM-Original-64 is wrong and Ours-64 is correct in a non-failure-mining benchmark case.,Candidate for manual Stage 7 inspection only; not a prevalence claim and not causal proof.
110,GQA_15327538,gqa,15327538,2378167,/kaggle/input/datasets/tvtttv/gqa-thesis/GQA/images/2378167.jpg,data/kaggle_datasets/GQA/images/2378167.jpg,What kind of clothing is long?,jacket,Coat,Pants,Jacket,Coat,False,True,True,False,ours_only_recovery,cat,query,categoryThat,,SparseVLM-Original-64 is wrong and Ours-64 is correct in a non-failure-mining benchmark case.,Candidate for manual Stage 7 inspection only; not a prevalence claim and not causal proof.
111,GQA_19609252,gqa,19609252,2346094,/kaggle/input/datasets/tvtttv/gqa-thesis/GQA/images/2346094.jpg,data/kaggle_datasets/GQA/images/2346094.jpg,Who is wearing the watch?,man,Boy,Boy,Man,Boy,False,True,True,False,ours_only_recovery,rel,query,relS,,SparseVLM-Original-64 is wrong and Ours-64 is correct in a non-failure-mining benchmark case.,Candidate for manual Stage 7 inspection only; not a prevalence claim and not causal proof.
112,GQA_19459620,gqa,19459620,61584,/kaggle/input/datasets/tvtttv/gqa-thesis/GQA/images/61584.jpg,data/kaggle_datasets/GQA/images/61584.jpg,Is the car to the right or to the left of the people?,left,Right,Right,Left,Right,False,True,True,False,ours_only_recovery,rel,choose,relChooser,,SparseVLM-Original-64 is wrong and Ours-64 is correct in a non-failure-mining benchmark case.,Candidate for manual Stage 7 inspection only; not a prevalence claim and not causal proof.
113,GQA_16740814,gqa,16740814,2412745,/kaggle/input/datasets/tvtttv/gqa-thesis/GQA/images/2412745.jpg,data/kaggle_datasets/GQA/images/2412745.jpg,What is the size of the white vehicle?,large,Small,Small,Large,Small,False,True,True,False,ours_only_recovery,attr,query,directOf,,SparseVLM-Original-64 is wrong and Ours-64 is correct in a non-failure-mining benchmark case.,Candidate for manual Stage 7 inspection only; not a prevalence claim and not causal proof.
114,GQA_01707797,gqa,01707797,2360581,/kaggle/input/datasets/tvtttv/gqa-thesis/GQA/images/2360581.jpg,data/kaggle_datasets/GQA/images/2360581.jpg,Are there both a window and a door?,no,Yes,Yes,No,Yes,False,True,True,False,ours_only_recovery,obj,logical,existAndC,,SparseVLM-Original-64 is wrong and Ours-64 is correct in a non-failure-mining benchmark case.,Candidate for manual Stage 7 inspection only; not a prevalence claim and not causal proof.
115,GQA_10926906,gqa,10926906,2365501,/kaggle/input/datasets/tvtttv/gqa-thesis/GQA/images/2365501.jpg,data/kaggle_datasets/GQA/images/2365501.jpg,What type of fruit is to the right of the orange?,strawberry,Grape,Watermelon,Strawberry,Melon,False,True,True,False,ours_only_recovery,rel,query,categoryRelS,,SparseVLM-Original-64 is wrong and Ours-64 is correct in a non-failure-mining benchmark case.,Candidate for manual Stage 7 inspection only; not a prevalence claim and not causal proof.
116,POPE_random_41,pope,random_41,COCO_val2014_000000461331.jpg,/kaggle/input/datasets/tvtttv/pope-thesis/POPE/val2014/COCO_val2014_000000461331.jpg,data/kaggle_datasets/POPE/val2014/COCO_val2014_000000461331.jpg,Is there a tv in the image?,yes,no,no,yes,no,False,True,True,False,ours_only_recovery,,,,random,SparseVLM-Original-64 is wrong and Ours-64 is correct in a non-failure-mining benchmark case.,Candidate for manual Stage 7 inspection only; not a prevalence claim and not causal proof.
117,GQA_19321469,gqa,19321469,2397910,/kaggle/input/datasets/tvtttv/gqa-thesis/GQA/images/2397910.jpg,data/kaggle_datasets/GQA/images/2397910.jpg,What color is the kite in the top of the photo?,pink,Green,Green,Pink,Green,False,True,True,False,ours_only_recovery,attr,query,directOf,,SparseVLM-Original-64 is wrong and Ours-64 is correct in a non-failure-mining benchmark case.,Candidate for manual Stage 7 inspection only; not a prevalence claim and not causal proof.
118,GQA_19621613,gqa,19621613,2378535,/kaggle/input/datasets/tvtttv/gqa-thesis/GQA/images/2378535.jpg,data/kaggle_datasets/GQA/images/2378535.jpg,What color is the bag to the left of the woman?,blue,Green,Black,Blue,White,False,True,True,False,ours_only_recovery,attr,query,directWhich,,SparseVLM-Original-64 is wrong and Ours-64 is correct in a non-failure-mining benchmark case.,Candidate for manual Stage 7 inspection only; not a prevalence claim and not causal proof.
119,GQA_08209617,gqa,08209617,2373103,/kaggle/input/datasets/tvtttv/gqa-thesis/GQA/images/2373103.jpg,data/kaggle_datasets/GQA/images/2373103.jpg,Is the spectator to the left or to the right of the man who is holding the racket?,right,Left,Left,Right,Left,False,True,True,False,ours_only_recovery,rel,choose,relChooser,,SparseVLM-Original-64 is wrong and Ours-64 is correct in a non-failure-mining benchmark case.,Candidate for manual Stage 7 inspection only; not a prevalence claim and not causal proof.
120,GQA_12182738,gqa,12182738,2349905,/kaggle/input/datasets/tvtttv/gqa-thesis/GQA/images/2349905.jpg,data/kaggle_datasets/GQA/images/2349905.jpg,On which side of the photo is the guy?,right,Left,Left,Right,Left,False,True,True,False,ours_only_recovery,attr,query,positionQuery,,SparseVLM-Original-64 is wrong and Ours-64 is correct in a non-failure-mining benchmark case.,Candidate for manual Stage 7 inspection only; not a prevalence claim and not causal proof.
121,GQA_09687018,gqa,09687018,2385422,/kaggle/input/datasets/tvtttv/gqa-thesis/GQA/images/2385422.jpg,data/kaggle_datasets/GQA/images/2385422.jpg,What color is the shirt that is not short?,purple,Pink,Pink,Purple,Pink,False,True,True,False,ours_only_recovery,attr,query,directOf,,SparseVLM-Original-64 is wrong and Ours-64 is correct in a non-failure-mining benchmark case.,Candidate for manual Stage 7 inspection only; not a prevalence claim and not causal proof.
122,GQA_17583135,gqa,17583135,2396905,/kaggle/input/datasets/tvtttv/gqa-thesis/GQA/images/2396905.jpg,data/kaggle_datasets/GQA/images/2396905.jpg,Which color is the traffic light that the sign is on?,black,Green,Yellow,Black,White,False,True,True,False,ours_only_recovery,attr,query,directWhich,,SparseVLM-Original-64 is wrong and Ours-64 is correct in a non-failure-mining benchmark case.,Candidate for manual Stage 7 inspection only; not a prevalence claim and not causal proof.
123,POPE_adversarial_138,pope,adversarial_138,COCO_val2014_000000516916.jpg,/kaggle/input/datasets/tvtttv/pope-thesis/POPE/val2014/COCO_val2014_000000516916.jpg,data/kaggle_datasets/POPE/val2014/COCO_val2014_000000516916.jpg,Is there a bottle in the image?,no,yes,yes,no,yes,False,True,True,False,ours_only_recovery,,,,adversarial,SparseVLM-Original-64 is wrong and Ours-64 is correct in a non-failure-mining benchmark case.,Candidate for manual Stage 7 inspection only; not a prevalence claim and not causal proof.
124,GQA_11192664,gqa,11192664,2401809,/kaggle/input/datasets/tvtttv/gqa-thesis/GQA/images/2401809.jpg,data/kaggle_datasets/GQA/images/2401809.jpg,Is the computer in the bottom?,no,Yes,Yes,No,Yes,False,True,True,False,ours_only_recovery,attr,verify,positionVerifyC,,SparseVLM-Original-64 is wrong and Ours-64 is correct in a non-failure-mining benchmark case.,Candidate for manual Stage 7 inspection only; not a prevalence claim and not causal proof.
125,GQA_01521286,gqa,01521286,2330438,/kaggle/input/datasets/tvtttv/gqa-thesis/GQA/images/2330438.jpg,data/kaggle_datasets/GQA/images/2330438.jpg,Is the color of the egg yolk the same as the plate?,no,Yes,Yes,No,Yes,False,True,True,False,ours_only_recovery,attr,compare,twoSameC,,SparseVLM-Original-64 is wrong and Ours-64 is correct in a non-failure-mining benchmark case.,Candidate for manual Stage 7 inspection only; not a prevalence claim and not causal proof.
126,GQA_08235774,gqa,08235774,2413608,/kaggle/input/datasets/tvtttv/gqa-thesis/GQA/images/2413608.jpg,data/kaggle_datasets/GQA/images/2413608.jpg,What is on the wall?,television,Picture,Fireplace,Television,Fireplace,False,True,True,False,ours_only_recovery,rel,query,relS,,SparseVLM-Original-64 is wrong and Ours-64 is correct in a non-failure-mining benchmark case.,Candidate for manual Stage 7 inspection only; not a prevalence claim and not causal proof.
127,GQA_14524168,gqa,14524168,2407279,/kaggle/input/datasets/tvtttv/gqa-thesis/GQA/images/2407279.jpg,data/kaggle_datasets/GQA/images/2407279.jpg,Which place is it?,river,Pond,Forest,River,Forest,False,True,True,False,ours_only_recovery,global,query,place,,SparseVLM-Original-64 is wrong and Ours-64 is correct in a non-failure-mining benchmark case.,Candidate for manual Stage 7 inspection only; not a prevalence claim and not causal proof.
128,GQA_08965047,gqa,08965047,2416035,/kaggle/input/datasets/tvtttv/gqa-thesis/GQA/images/2416035.jpg,data/kaggle_datasets/GQA/images/2416035.jpg,Are there blankets or chairs in the picture?,yes,No,No,Yes,No,False,True,True,False,ours_only_recovery,obj,logical,existOr,,SparseVLM-Original-64 is wrong and Ours-64 is correct in a non-failure-mining benchmark case.,Candidate for manual Stage 7 inspection only; not a prevalence claim and not causal proof.
129,GQA_01961352,gqa,01961352,2354201,/kaggle/input/datasets/tvtttv/gqa-thesis/GQA/images/2354201.jpg,data/kaggle_datasets/GQA/images/2354201.jpg,Is the nightstand to the right or to the left of the pillow that is on top of the bed?,right,Left,Left,Right,Left,False,True,True,False,ours_only_recovery,rel,choose,relChooser,,SparseVLM-Original-64 is wrong and Ours-64 is correct in a non-failure-mining benchmark case.,Candidate for manual Stage 7 inspection only; not a prevalence claim and not causal proof.
130,GQA_131059245,gqa,131059245,2399053,/kaggle/input/datasets/tvtttv/gqa-thesis/GQA/images/2399053.jpg,data/kaggle_datasets/GQA/images/2399053.jpg,Is the old woman to the right or to the left of the black glasses?,right,Right,Left,Right,Right,True,True,True,True,ours_and_threshold_recovery,rel,choose,relChooser,,SparseVLM-Original-64 is wrong and Ours-64 is correct in a non-failure-mining benchmark case.,Candidate for manual Stage 7 inspection only; not a prevalence claim and not causal proof.
131,GQA_06270739,gqa,06270739,2386979,/kaggle/input/datasets/tvtttv/gqa-thesis/GQA/images/2386979.jpg,data/kaggle_datasets/GQA/images/2386979.jpg,Do the shorts seem to be black?,yes,Yes,No,Yes,Yes,True,True,True,True,ours_and_threshold_recovery,attr,verify,verifyAttrK,,SparseVLM-Original-64 is wrong and Ours-64 is correct in a non-failure-mining benchmark case.,Candidate for manual Stage 7 inspection only; not a prevalence claim and not causal proof.
132,GQA_07477538,gqa,07477538,2415946,/kaggle/input/datasets/tvtttv/gqa-thesis/GQA/images/2415946.jpg,data/kaggle_datasets/GQA/images/2415946.jpg,Are there men to the right of the player in the center of the picture?,yes,Yes,No,Yes,Yes,True,True,True,True,ours_and_threshold_recovery,rel,verify,existRelS,,SparseVLM-Original-64 is wrong and Ours-64 is correct in a non-failure-mining benchmark case.,Candidate for manual Stage 7 inspection only; not a prevalence claim and not causal proof.
133,GQA_1014659,gqa,1014659,2399995,/kaggle/input/datasets/tvtttv/gqa-thesis/GQA/images/2399995.jpg,data/kaggle_datasets/GQA/images/2399995.jpg,Is there a kite in the sky?,yes,Yes,No,Yes,Yes,True,True,True,True,ours_and_threshold_recovery,rel,verify,existRelS,,SparseVLM-Original-64 is wrong and Ours-64 is correct in a non-failure-mining benchmark case.,Candidate for manual Stage 7 inspection only; not a prevalence claim and not causal proof.
134,GQA_18318390,gqa,18318390,2318908,/kaggle/input/datasets/tvtttv/gqa-thesis/GQA/images/2318908.jpg,data/kaggle_datasets/GQA/images/2318908.jpg,Is there a plate to the right of the bread on the left of the image?,no,No,Yes,No,No,True,True,True,True,ours_and_threshold_recovery,rel,verify,existRelSC,,SparseVLM-Original-64 is wrong and Ours-64 is correct in a non-failure-mining benchmark case.,Candidate for manual Stage 7 inspection only; not a prevalence claim and not causal proof.
135,GQA_15667986,gqa,15667986,2391999,/kaggle/input/datasets/tvtttv/gqa-thesis/GQA/images/2391999.jpg,data/kaggle_datasets/GQA/images/2391999.jpg,Is the chair in the bottom part of the image?,yes,Yes,No,Yes,Yes,True,True,True,True,ours_and_threshold_recovery,attr,verify,positionVerify,,SparseVLM-Original-64 is wrong and Ours-64 is correct in a non-failure-mining benchmark case.,Candidate for manual Stage 7 inspection only; not a prevalence claim and not causal proof.
136,GQA_09836438,gqa,09836438,2401166,/kaggle/input/datasets/tvtttv/gqa-thesis/GQA/images/2401166.jpg,data/kaggle_datasets/GQA/images/2401166.jpg,What is the man doing?,eating,Eating,Drinking,Eating,Eating,True,True,True,True,ours_and_threshold_recovery,attr,query,activity,,SparseVLM-Original-64 is wrong and Ours-64 is correct in a non-failure-mining benchmark case.,Candidate for manual Stage 7 inspection only; not a prevalence claim and not causal proof.
137,GQA_171054014,gqa,171054014,713692,/kaggle/input/datasets/tvtttv/gqa-thesis/GQA/images/713692.jpg,data/kaggle_datasets/GQA/images/713692.jpg,Are there toys on the floor?,yes,Yes,No,Yes,Yes,True,True,True,True,ours_and_threshold_recovery,rel,verify,existRelS,,SparseVLM-Original-64 is wrong and Ours-64 is correct in a non-failure-mining benchmark case.,Candidate for manual Stage 7 inspection only; not a prevalence claim and not causal proof.
138,GQA_19693888,gqa,19693888,2382366,/kaggle/input/datasets/tvtttv/gqa-thesis/GQA/images/2382366.jpg,data/kaggle_datasets/GQA/images/2382366.jpg,Is the sky orange or blue?,blue,Blue,Orange,Blue,Blue,True,True,True,True,ours_and_threshold_recovery,attr,choose,chooseAttr,,SparseVLM-Original-64 is wrong and Ours-64 is correct in a non-failure-mining benchmark case.,Candidate for manual Stage 7 inspection only; not a prevalence claim and not causal proof.
139,GQA_07250999,gqa,07250999,2369690,/kaggle/input/datasets/tvtttv/gqa-thesis/GQA/images/2369690.jpg,data/kaggle_datasets/GQA/images/2369690.jpg,Are there any apples that are gold?,yes,Yes,No,Yes,Yes,True,True,True,True,ours_and_threshold_recovery,obj,verify,existThat,,SparseVLM-Original-64 is wrong and Ours-64 is correct in a non-failure-mining benchmark case.,Candidate for manual Stage 7 inspection only; not a prevalence claim and not causal proof.
140,POPE_adversarial_493,pope,adversarial_493,COCO_val2014_000000069189.jpg,/kaggle/input/datasets/tvtttv/pope-thesis/POPE/val2014/COCO_val2014_000000069189.jpg,data/kaggle_datasets/POPE/val2014/COCO_val2014_000000069189.jpg,Is there a bird in the image?,yes,yes,no,yes,yes,True,True,True,True,ours_and_threshold_recovery,,,,adversarial,SparseVLM-Original-64 is wrong and Ours-64 is correct in a non-failure-mining benchmark case.,Candidate for manual Stage 7 inspection only; not a prevalence claim and not causal proof.
141,POPE_popular_493,pope,popular_493,COCO_val2014_000000069189.jpg,/kaggle/input/datasets/tvtttv/pope-thesis/POPE/val2014/COCO_val2014_000000069189.jpg,data/kaggle_datasets/POPE/val2014/COCO_val2014_000000069189.jpg,Is there a bird in the image?,yes,yes,no,yes,yes,True,True,True,True,ours_and_threshold_recovery,,,,popular,SparseVLM-Original-64 is wrong and Ours-64 is correct in a non-failure-mining benchmark case.,Candidate for manual Stage 7 inspection only; not a prevalence claim and not causal proof.
142,POPE_random_475,pope,random_475,COCO_val2014_000000069189.jpg,/kaggle/input/datasets/tvtttv/pope-thesis/POPE/val2014/COCO_val2014_000000069189.jpg,data/kaggle_datasets/POPE/val2014/COCO_val2014_000000069189.jpg,Is there a bird in the image?,yes,yes,no,yes,yes,True,True,True,True,ours_and_threshold_recovery,,,,random,SparseVLM-Original-64 is wrong and Ours-64 is correct in a non-failure-mining benchmark case.,Candidate for manual Stage 7 inspection only; not a prevalence claim and not causal proof.
143,GQA_07383471,gqa,07383471,2342945,/kaggle/input/datasets/tvtttv/gqa-thesis/GQA/images/2342945.jpg,data/kaggle_datasets/GQA/images/2342945.jpg,Does the device that is not turned-off look black?,yes,Yes,No,Yes,Yes,True,True,True,True,ours_and_threshold_recovery,attr,verify,verifyAttrK,,SparseVLM-Original-64 is wrong and Ours-64 is correct in a non-failure-mining benchmark case.,Candidate for manual Stage 7 inspection only; not a prevalence claim and not causal proof.
144,POPE_adversarial_366,pope,adversarial_366,COCO_val2014_000000575755.jpg,/kaggle/input/datasets/tvtttv/pope-thesis/POPE/val2014/COCO_val2014_000000575755.jpg,data/kaggle_datasets/POPE/val2014/COCO_val2014_000000575755.jpg,Is there a knife in the image?,no,no,yes,no,no,True,True,True,True,ours_and_threshold_recovery,,,,adversarial,SparseVLM-Original-64 is wrong and Ours-64 is correct in a non-failure-mining benchmark case.,Candidate for manual Stage 7 inspection only; not a prevalence claim and not causal proof.
145,POPE_adversarial_189,pope,adversarial_189,COCO_val2014_000000063953.jpg,/kaggle/input/datasets/tvtttv/pope-thesis/POPE/val2014/COCO_val2014_000000063953.jpg,data/kaggle_datasets/POPE/val2014/COCO_val2014_000000063953.jpg,Is there a bicycle in the image?,yes,yes,no,yes,yes,True,True,True,True,ours_and_threshold_recovery,,,,adversarial,SparseVLM-Original-64 is wrong and Ours-64 is correct in a non-failure-mining benchmark case.,Candidate for manual Stage 7 inspection only; not a prevalence claim and not causal proof.
146,POPE_popular_189,pope,popular_189,COCO_val2014_000000063953.jpg,/kaggle/input/datasets/tvtttv/pope-thesis/POPE/val2014/COCO_val2014_000000063953.jpg,data/kaggle_datasets/POPE/val2014/COCO_val2014_000000063953.jpg,Is there a bicycle in the image?,yes,yes,no,yes,yes,True,True,True,True,ours_and_threshold_recovery,,,,popular,SparseVLM-Original-64 is wrong and Ours-64 is correct in a non-failure-mining benchmark case.,Candidate for manual Stage 7 inspection only; not a prevalence claim and not causal proof.
147,POPE_random_179,pope,random_179,COCO_val2014_000000063953.jpg,/kaggle/input/datasets/tvtttv/pope-thesis/POPE/val2014/COCO_val2014_000000063953.jpg,data/kaggle_datasets/POPE/val2014/COCO_val2014_000000063953.jpg,Is there a bicycle in the image?,yes,yes,no,yes,yes,True,True,True,True,ours_and_threshold_recovery,,,,random,SparseVLM-Original-64 is wrong and Ours-64 is correct in a non-failure-mining benchmark case.,Candidate for manual Stage 7 inspection only; not a prevalence claim and not causal proof.
148,GQA_11546593,gqa,11546593,2380112,/kaggle/input/datasets/tvtttv/gqa-thesis/GQA/images/2380112.jpg,data/kaggle_datasets/GQA/images/2380112.jpg,Is the person to the right of the people wearing a helmet?,yes,Yes,No,Yes,Yes,True,True,True,True,ours_and_threshold_recovery,rel,verify,relVerify,,SparseVLM-Original-64 is wrong and Ours-64 is correct in a non-failure-mining benchmark case.,Candidate for manual Stage 7 inspection only; not a prevalence claim and not causal proof.
149,GQA_022324,gqa,022324,2318349,/kaggle/input/datasets/tvtttv/gqa-thesis/GQA/images/2318349.jpg,data/kaggle_datasets/GQA/images/2318349.jpg,On which side of the picture is the leather bag?,right,Right,Left,Right,Right,True,True,True,True,ours_and_threshold_recovery,attr,query,positionQuery,,SparseVLM-Original-64 is wrong and Ours-64 is correct in a non-failure-mining benchmark case.,Candidate for manual Stage 7 inspection only; not a prevalence claim and not causal proof.
150,GQA_08161588,gqa,08161588,2361664,/kaggle/input/datasets/tvtttv/gqa-thesis/GQA/images/2361664.jpg,data/kaggle_datasets/GQA/images/2361664.jpg,Which side of the picture is the umbrella on?,right,Right,Left,Right,Right,True,True,True,True,ours_and_threshold_recovery,attr,query,positionQuery,,SparseVLM-Original-64 is wrong and Ours-64 is correct in a non-failure-mining benchmark case.,Candidate for manual Stage 7 inspection only; not a prevalence claim and not causal proof.
151,GQA_0984602,gqa,0984602,2350369,/kaggle/input/datasets/tvtttv/gqa-thesis/GQA/images/2350369.jpg,data/kaggle_datasets/GQA/images/2350369.jpg,What is in the bowl made of metal?,broccoli,Broccoli,Food,Broccoli,Broccoli,True,True,True,True,ours_and_threshold_recovery,rel,query,relS,,SparseVLM-Original-64 is wrong and Ours-64 is correct in a non-failure-mining benchmark case.,Candidate for manual Stage 7 inspection only; not a prevalence claim and not causal proof.
152,GQA_19637969,gqa,19637969,2321955,/kaggle/input/datasets/tvtttv/gqa-thesis/GQA/images/2321955.jpg,data/kaggle_datasets/GQA/images/2321955.jpg,Do you see any plates there that are white?,yes,Yes,No,Yes,Yes,True,True,True,True,ours_and_threshold_recovery,obj,verify,existThat,,SparseVLM-Original-64 is wrong and Ours-64 is correct in a non-failure-mining benchmark case.,Candidate for manual Stage 7 inspection only; not a prevalence claim and not causal proof.
153,GQA_09344526,gqa,09344526,2334795,/kaggle/input/datasets/tvtttv/gqa-thesis/GQA/images/2334795.jpg,data/kaggle_datasets/GQA/images/2334795.jpg,Who wears jeans?,man,Man,Woman,Man,Man,True,True,True,True,ours_and_threshold_recovery,rel,query,relS,,SparseVLM-Original-64 is wrong and Ours-64 is correct in a non-failure-mining benchmark case.,Candidate for manual Stage 7 inspection only; not a prevalence claim and not causal proof.
154,GQA_18318004,gqa,18318004,2318908,/kaggle/input/datasets/tvtttv/gqa-thesis/GQA/images/2318908.jpg,data/kaggle_datasets/GQA/images/2318908.jpg,Is there food to the left of the raspberries that are in the box?,yes,Yes,No,Yes,Yes,True,True,True,True,ours_and_threshold_recovery,rel,verify,existRelS,,SparseVLM-Original-64 is wrong and Ours-64 is correct in a non-failure-mining benchmark case.,Candidate for manual Stage 7 inspection only; not a prevalence claim and not causal proof.
155,GQA_08830310,gqa,08830310,2354268,/kaggle/input/datasets/tvtttv/gqa-thesis/GQA/images/2354268.jpg,data/kaggle_datasets/GQA/images/2354268.jpg,Is the car to the left or to the right of the person in the middle of the photo?,left,Left,Right,Left,Left,True,True,True,True,ours_and_threshold_recovery,rel,choose,relChooser,,SparseVLM-Original-64 is wrong and Ours-64 is correct in a non-failure-mining benchmark case.,Candidate for manual Stage 7 inspection only; not a prevalence claim and not causal proof.
156,GQA_19901970,gqa,19901970,2316839,/kaggle/input/datasets/tvtttv/gqa-thesis/GQA/images/2316839.jpg,data/kaggle_datasets/GQA/images/2316839.jpg,What kind of food are the peppers in?,pasta,Pasta,Vegetables,Pasta,Pasta,True,True,True,True,ours_and_threshold_recovery,rel,query,categoryRelO,,SparseVLM-Original-64 is wrong and Ours-64 is correct in a non-failure-mining benchmark case.,Candidate for manual Stage 7 inspection only; not a prevalence claim and not causal proof.
157,POPE_adversarial_397,pope,adversarial_397,COCO_val2014_000000021645.jpg,/kaggle/input/datasets/tvtttv/pope-thesis/POPE/val2014/COCO_val2014_000000021645.jpg,data/kaggle_datasets/POPE/val2014/COCO_val2014_000000021645.jpg,Is there a backpack in the image?,yes,yes,no,yes,yes,True,True,True,True,ours_and_threshold_recovery,,,,adversarial,SparseVLM-Original-64 is wrong and Ours-64 is correct in a non-failure-mining benchmark case.,Candidate for manual Stage 7 inspection only; not a prevalence claim and not causal proof.
158,POPE_popular_397,pope,popular_397,COCO_val2014_000000021645.jpg,/kaggle/input/datasets/tvtttv/pope-thesis/POPE/val2014/COCO_val2014_000000021645.jpg,data/kaggle_datasets/POPE/val2014/COCO_val2014_000000021645.jpg,Is there a backpack in the image?,yes,yes,no,yes,yes,True,True,True,True,ours_and_threshold_recovery,,,,popular,SparseVLM-Original-64 is wrong and Ours-64 is correct in a non-failure-mining benchmark case.,Candidate for manual Stage 7 inspection only; not a prevalence claim and not causal proof.
159,POPE_random_379,pope,random_379,COCO_val2014_000000021645.jpg,/kaggle/input/datasets/tvtttv/pope-thesis/POPE/val2014/COCO_val2014_000000021645.jpg,data/kaggle_datasets/POPE/val2014/COCO_val2014_000000021645.jpg,Is there a backpack in the image?,yes,yes,no,yes,yes,True,True,True,True,ours_and_threshold_recovery,,,,random,SparseVLM-Original-64 is wrong and Ours-64 is correct in a non-failure-mining benchmark case.,Candidate for manual Stage 7 inspection only; not a prevalence claim and not causal proof.
160,GQA_03177807,gqa,03177807,2413296,/kaggle/input/datasets/tvtttv/gqa-thesis/GQA/images/2413296.jpg,data/kaggle_datasets/GQA/images/2413296.jpg,What animal is eating the cake?,dog,Dog,Cat,Dog,Dog,True,True,True,True,ours_and_threshold_recovery,rel,query,categoryRelS,,SparseVLM-Original-64 is wrong and Ours-64 is correct in a non-failure-mining benchmark case.,Candidate for manual Stage 7 inspection only; not a prevalence claim and not causal proof.
161,GQA_09892549,gqa,09892549,2383350,/kaggle/input/datasets/tvtttv/gqa-thesis/GQA/images/2383350.jpg,data/kaggle_datasets/GQA/images/2383350.jpg,On which side of the image is the heater?,right,Right,Left,Right,Right,True,True,True,True,ours_and_threshold_recovery,attr,query,positionQuery,,SparseVLM-Original-64 is wrong and Ours-64 is correct in a non-failure-mining benchmark case.,Candidate for manual Stage 7 inspection only; not a prevalence claim and not causal proof.
162,GQA_1390641,gqa,1390641,2335723,/kaggle/input/datasets/tvtttv/gqa-thesis/GQA/images/2335723.jpg,data/kaggle_datasets/GQA/images/2335723.jpg,What vehicle is it?,truck,Truck,Car,Truck,Truck,True,True,True,True,ours_and_threshold_recovery,cat,query,category,,SparseVLM-Original-64 is wrong and Ours-64 is correct in a non-failure-mining benchmark case.,Candidate for manual Stage 7 inspection only; not a prevalence claim and not causal proof.
163,POPE_random_143,pope,random_143,COCO_val2014_000000297078.jpg,/kaggle/input/datasets/tvtttv/pope-thesis/POPE/val2014/COCO_val2014_000000297078.jpg,data/kaggle_datasets/POPE/val2014/COCO_val2014_000000297078.jpg,Is there a bear in the image?,no,no,yes,no,no,True,True,True,True,ours_and_threshold_recovery,,,,random,SparseVLM-Original-64 is wrong and Ours-64 is correct in a non-failure-mining benchmark case.,Candidate for manual Stage 7 inspection only; not a prevalence claim and not causal proof.
164,GQA_17107885,gqa,17107885,2388665,/kaggle/input/datasets/tvtttv/gqa-thesis/GQA/images/2388665.jpg,data/kaggle_datasets/GQA/images/2388665.jpg,Is the blanket to the left or to the right of the drawer that is in front of the table?,right,Right,Left,Right,Right,True,True,True,True,ours_and_threshold_recovery,rel,choose,relChooser,,SparseVLM-Original-64 is wrong and Ours-64 is correct in a non-failure-mining benchmark case.,Candidate for manual Stage 7 inspection only; not a prevalence claim and not causal proof.
165,GQA_02594994,gqa,02594994,2364312,/kaggle/input/datasets/tvtttv/gqa-thesis/GQA/images/2364312.jpg,data/kaggle_datasets/GQA/images/2364312.jpg,Does the sweatshirt look black?,no,No,Yes,No,No,True,True,True,True,ours_and_threshold_recovery,attr,verify,verifyAttrKC,,SparseVLM-Original-64 is wrong and Ours-64 is correct in a non-failure-mining benchmark case.,Candidate for manual Stage 7 inspection only; not a prevalence claim and not causal proof.
166,GQA_07692728,gqa,07692728,2403803,/kaggle/input/datasets/tvtttv/gqa-thesis/GQA/images/2403803.jpg,data/kaggle_datasets/GQA/images/2403803.jpg,What's the water in front of?,mountain,Mountain,Hills,Mountain,Mountain,True,True,True,True,ours_and_threshold_recovery,rel,query,relO,,SparseVLM-Original-64 is wrong and Ours-64 is correct in a non-failure-mining benchmark case.,Candidate for manual Stage 7 inspection only; not a prevalence claim and not causal proof.
167,GQA_08686991,gqa,08686991,2323768,/kaggle/input/datasets/tvtttv/gqa-thesis/GQA/images/2323768.jpg,data/kaggle_datasets/GQA/images/2323768.jpg,Is the ball in the bottom of the image?,yes,Yes,No,Yes,Yes,True,True,True,True,ours_and_threshold_recovery,attr,verify,positionVerify,,SparseVLM-Original-64 is wrong and Ours-64 is correct in a non-failure-mining benchmark case.,Candidate for manual Stage 7 inspection only; not a prevalence claim and not causal proof.
168,GQA_00147541,gqa,00147541,2370226,/kaggle/input/datasets/tvtttv/gqa-thesis/GQA/images/2370226.jpg,data/kaggle_datasets/GQA/images/2370226.jpg,Is the kid to the left or to the right of the girl that wears a shirt?,left,Left,Right,Left,Left,True,True,True,True,ours_and_threshold_recovery,rel,choose,relChooser,,SparseVLM-Original-64 is wrong and Ours-64 is correct in a non-failure-mining benchmark case.,Candidate for manual Stage 7 inspection only; not a prevalence claim and not causal proof.
169,GQA_11412675,gqa,11412675,2385341,/kaggle/input/datasets/tvtttv/gqa-thesis/GQA/images/2385341.jpg,data/kaggle_datasets/GQA/images/2385341.jpg,What is the brown animal doing?,jumping,Jumping,Playing frisbee,Jumping,Jumping,True,True,True,True,ours_and_threshold_recovery,attr,query,activity,,SparseVLM-Original-64 is wrong and Ours-64 is correct in a non-failure-mining benchmark case.,Candidate for manual Stage 7 inspection only; not a prevalence claim and not causal proof.
170,GQA_1219501,gqa,1219501,2366688,/kaggle/input/datasets/tvtttv/gqa-thesis/GQA/images/2366688.jpg,data/kaggle_datasets/GQA/images/2366688.jpg,Is there any tall grass in the photograph?,yes,Yes,No,Yes,Yes,True,True,True,True,ours_and_threshold_recovery,obj,verify,existAttr,,SparseVLM-Original-64 is wrong and Ours-64 is correct in a non-failure-mining benchmark case.,Candidate for manual Stage 7 inspection only; not a prevalence claim and not causal proof.
171,GQA_12994777,gqa,12994777,2414613,/kaggle/input/datasets/tvtttv/gqa-thesis/GQA/images/2414613.jpg,data/kaggle_datasets/GQA/images/2414613.jpg,Is the snow board silver or black?,black,Black,Silver,Black,Black,True,True,True,True,ours_and_threshold_recovery,attr,choose,chooseAttr,,SparseVLM-Original-64 is wrong and Ours-64 is correct in a non-failure-mining benchmark case.,Candidate for manual Stage 7 inspection only; not a prevalence claim and not causal proof.
172,GQA_01843170,gqa,01843170,2349263,/kaggle/input/datasets/tvtttv/gqa-thesis/GQA/images/2349263.jpg,data/kaggle_datasets/GQA/images/2349263.jpg,On which side are the cars?,right,Right,Left,Right,Right,True,True,True,True,ours_and_threshold_recovery,attr,query,positionQuery,,SparseVLM-Original-64 is wrong and Ours-64 is correct in a non-failure-mining benchmark case.,Candidate for manual Stage 7 inspection only; not a prevalence claim and not causal proof.
173,GQA_06225385,gqa,06225385,2322276,/kaggle/input/datasets/tvtttv/gqa-thesis/GQA/images/2322276.jpg,data/kaggle_datasets/GQA/images/2322276.jpg,Which kind of vegetable is right of the meat?,lettuce,Lettuce,Peppers,Lettuce,Lettuce,True,True,True,True,ours_and_threshold_recovery,rel,query,categoryRelS,,SparseVLM-Original-64 is wrong and Ours-64 is correct in a non-failure-mining benchmark case.,Candidate for manual Stage 7 inspection only; not a prevalence claim and not causal proof.
174,GQA_064376,gqa,064376,2339845,/kaggle/input/datasets/tvtttv/gqa-thesis/GQA/images/2339845.jpg,data/kaggle_datasets/GQA/images/2339845.jpg,What is in the bowl near the spoon?,soup,Soup,Salad,Soup,Soup,True,True,True,True,ours_and_threshold_recovery,rel,query,relS,,SparseVLM-Original-64 is wrong and Ours-64 is correct in a non-failure-mining benchmark case.,Candidate for manual Stage 7 inspection only; not a prevalence claim and not causal proof.
175,GQA_09446084,gqa,09446084,2333492,/kaggle/input/datasets/tvtttv/gqa-thesis/GQA/images/2333492.jpg,data/kaggle_datasets/GQA/images/2333492.jpg,Is the person that is pointing wearing a necktie?,yes,Yes,No,Yes,Yes,True,True,True,True,ours_and_threshold_recovery,rel,verify,relVerify,,SparseVLM-Original-64 is wrong and Ours-64 is correct in a non-failure-mining benchmark case.,Candidate for manual Stage 7 inspection only; not a prevalence claim and not causal proof.
176,GQA_12755296,gqa,12755296,2380375,/kaggle/input/datasets/tvtttv/gqa-thesis/GQA/images/2380375.jpg,data/kaggle_datasets/GQA/images/2380375.jpg,Does the white shirt look short sleeved?,yes,Yes,No,Yes,Yes,True,True,True,True,ours_and_threshold_recovery,attr,verify,verifyAttrK,,SparseVLM-Original-64 is wrong and Ours-64 is correct in a non-failure-mining benchmark case.,Candidate for manual Stage 7 inspection only; not a prevalence claim and not causal proof.
177,GQA_13515589,gqa,13515589,2397987,/kaggle/input/datasets/tvtttv/gqa-thesis/GQA/images/2397987.jpg,data/kaggle_datasets/GQA/images/2397987.jpg,Does the ottoman that is to the left of the rug look large and red?,yes,Yes,No,Yes,Yes,True,True,True,True,ours_and_threshold_recovery,attr,logical,verifyAttrs,,SparseVLM-Original-64 is wrong and Ours-64 is correct in a non-failure-mining benchmark case.,Candidate for manual Stage 7 inspection only; not a prevalence claim and not causal proof.
178,POPE_adversarial_243,pope,adversarial_243,COCO_val2014_000000574057.jpg,/kaggle/input/datasets/tvtttv/pope-thesis/POPE/val2014/COCO_val2014_000000574057.jpg,data/kaggle_datasets/POPE/val2014/COCO_val2014_000000574057.jpg,Is there a train in the image?,yes,yes,no,yes,yes,True,True,True,True,ours_and_threshold_recovery,,,,adversarial,SparseVLM-Original-64 is wrong and Ours-64 is correct in a non-failure-mining benchmark case.,Candidate for manual Stage 7 inspection only; not a prevalence claim and not causal proof.
179,POPE_popular_243,pope,popular_243,COCO_val2014_000000574057.jpg,/kaggle/input/datasets/tvtttv/pope-thesis/POPE/val2014/COCO_val2014_000000574057.jpg,data/kaggle_datasets/POPE/val2014/COCO_val2014_000000574057.jpg,Is there a train in the image?,yes,yes,no,yes,yes,True,True,True,True,ours_and_threshold_recovery,,,,popular,SparseVLM-Original-64 is wrong and Ours-64 is correct in a non-failure-mining benchmark case.,Candidate for manual Stage 7 inspection only; not a prevalence claim and not causal proof.
180,POPE_random_231,pope,random_231,COCO_val2014_000000574057.jpg,/kaggle/input/datasets/tvtttv/pope-thesis/POPE/val2014/COCO_val2014_000000574057.jpg,data/kaggle_datasets/POPE/val2014/COCO_val2014_000000574057.jpg,Is there a train in the image?,yes,yes,no,yes,yes,True,True,True,True,ours_and_threshold_recovery,,,,random,SparseVLM-Original-64 is wrong and Ours-64 is correct in a non-failure-mining benchmark case.,Candidate for manual Stage 7 inspection only; not a prevalence claim and not causal proof.
181,GQA_11354268,gqa,11354268,2382460,/kaggle/input/datasets/tvtttv/gqa-thesis/GQA/images/2382460.jpg,data/kaggle_datasets/GQA/images/2382460.jpg,What is on the street?,truck,Truck,Car,Truck,Truck,True,True,True,True,ours_and_threshold_recovery,rel,query,relS,,SparseVLM-Original-64 is wrong and Ours-64 is correct in a non-failure-mining benchmark case.,Candidate for manual Stage 7 inspection only; not a prevalence claim and not causal proof.
182,GQA_13108425,gqa,13108425,2334458,/kaggle/input/datasets/tvtttv/gqa-thesis/GQA/images/2334458.jpg,data/kaggle_datasets/GQA/images/2334458.jpg,"On which side are the papers, the left or the right?",right,Right,Left,Right,Right,True,True,True,True,ours_and_threshold_recovery,attr,choose,positionChoose,,SparseVLM-Original-64 is wrong and Ours-64 is correct in a non-failure-mining benchmark case.,Candidate for manual Stage 7 inspection only; not a prevalence claim and not causal proof.
183,GQA_1583853,gqa,1583853,2388984,/kaggle/input/datasets/tvtttv/gqa-thesis/GQA/images/2388984.jpg,data/kaggle_datasets/GQA/images/2388984.jpg,Do the jeans look black?,no,No,Yes,No,No,True,True,True,True,ours_and_threshold_recovery,attr,verify,verifyAttrC,,SparseVLM-Original-64 is wrong and Ours-64 is correct in a non-failure-mining benchmark case.,Candidate for manual Stage 7 inspection only; not a prevalence claim and not causal proof.
184,GQA_18544187,gqa,18544187,2320356,/kaggle/input/datasets/tvtttv/gqa-thesis/GQA/images/2320356.jpg,data/kaggle_datasets/GQA/images/2320356.jpg,Do you see a speaker or a camera?,yes,Yes,No,Yes,Yes,True,True,True,True,ours_and_threshold_recovery,obj,logical,existOr,,SparseVLM-Original-64 is wrong and Ours-64 is correct in a non-failure-mining benchmark case.,Candidate for manual Stage 7 inspection only; not a prevalence claim and not causal proof.
185,GQA_01423258,gqa,01423258,2379960,/kaggle/input/datasets/tvtttv/gqa-thesis/GQA/images/2379960.jpg,data/kaggle_datasets/GQA/images/2379960.jpg,Who wears the shorts?,boy,Boy,Player,Boy,Boy,True,True,True,True,ours_and_threshold_recovery,rel,query,relS,,SparseVLM-Original-64 is wrong and Ours-64 is correct in a non-failure-mining benchmark case.,Candidate for manual Stage 7 inspection only; not a prevalence claim and not causal proof.
186,GQA_10560337,gqa,10560337,2354917,/kaggle/input/datasets/tvtttv/gqa-thesis/GQA/images/2354917.jpg,data/kaggle_datasets/GQA/images/2354917.jpg,What is on the shelf?,glasses,Glasses,Bottles,Glasses,Glasses,True,True,True,True,ours_and_threshold_recovery,rel,query,relS,,SparseVLM-Original-64 is wrong and Ours-64 is correct in a non-failure-mining benchmark case.,Candidate for manual Stage 7 inspection only; not a prevalence claim and not causal proof.
187,GQA_01642323,gqa,01642323,2392147,/kaggle/input/datasets/tvtttv/gqa-thesis/GQA/images/2392147.jpg,data/kaggle_datasets/GQA/images/2392147.jpg,Do you see a woman to the right of the white plate?,yes,Yes,No,Yes,Yes,True,True,True,True,ours_and_threshold_recovery,rel,verify,existRelS,,SparseVLM-Original-64 is wrong and Ours-64 is correct in a non-failure-mining benchmark case.,Candidate for manual Stage 7 inspection only; not a prevalence claim and not causal proof.
188,GQA_05965669,gqa,05965669,2404602,/kaggle/input/datasets/tvtttv/gqa-thesis/GQA/images/2404602.jpg,data/kaggle_datasets/GQA/images/2404602.jpg,What vehicle is to the left of the house?,truck,Truck,Car,Truck,Truck,True,True,True,True,ours_and_threshold_recovery,rel,query,categoryRelS,,SparseVLM-Original-64 is wrong and Ours-64 is correct in a non-failure-mining benchmark case.,Candidate for manual Stage 7 inspection only; not a prevalence claim and not causal proof.
189,GQA_09964744,gqa,09964744,2414646,/kaggle/input/datasets/tvtttv/gqa-thesis/GQA/images/2414646.jpg,data/kaggle_datasets/GQA/images/2414646.jpg,Is the clock in the bottom part or in the top of the photo?,top,Top,Bottom,Top,Top,True,True,True,True,ours_and_threshold_recovery,attr,choose,positionChoose,,SparseVLM-Original-64 is wrong and Ours-64 is correct in a non-failure-mining benchmark case.,Candidate for manual Stage 7 inspection only; not a prevalence claim and not causal proof.
190,GQA_09964907,gqa,09964907,2414646,/kaggle/input/datasets/tvtttv/gqa-thesis/GQA/images/2414646.jpg,data/kaggle_datasets/GQA/images/2414646.jpg,"In which part of the image is the remote, the top or the bottom?",top,Top,Bottom,Top,Top,True,True,True,True,ours_and_threshold_recovery,attr,choose,positionChoose,,SparseVLM-Original-64 is wrong and Ours-64 is correct in a non-failure-mining benchmark case.,Candidate for manual Stage 7 inspection only; not a prevalence claim and not causal proof.
191,GQA_12284351,gqa,12284351,2366350,/kaggle/input/datasets/tvtttv/gqa-thesis/GQA/images/2366350.jpg,data/kaggle_datasets/GQA/images/2366350.jpg,What is the candle on?,toilet,Toilet,Candle holder,Toilet,Toilet,True,True,True,True,ours_and_threshold_recovery,rel,query,relO,,SparseVLM-Original-64 is wrong and Ours-64 is correct in a non-failure-mining benchmark case.,Candidate for manual Stage 7 inspection only; not a prevalence claim and not causal proof.
192,GQA_13376836,gqa,13376836,2322673,/kaggle/input/datasets/tvtttv/gqa-thesis/GQA/images/2322673.jpg,data/kaggle_datasets/GQA/images/2322673.jpg,What do you think is pulled by the white animal?,carriage,Carriage,Cart,Carriage,Carriage,True,True,True,True,ours_and_threshold_recovery,rel,query,relS,,SparseVLM-Original-64 is wrong and Ours-64 is correct in a non-failure-mining benchmark case.,Candidate for manual Stage 7 inspection only; not a prevalence claim and not causal proof.
193,GQA_13918084,gqa,13918084,2378224,/kaggle/input/datasets/tvtttv/gqa-thesis/GQA/images/2378224.jpg,data/kaggle_datasets/GQA/images/2378224.jpg,Which kind of vehicle is gray?,car,Car,Motorcycle,Car,Car,True,True,True,True,ours_and_threshold_recovery,cat,query,categoryThat,,SparseVLM-Original-64 is wrong and Ours-64 is correct in a non-failure-mining benchmark case.,Candidate for manual Stage 7 inspection only; not a prevalence claim and not causal proof.
194,GQA_14889532,gqa,14889532,2374981,/kaggle/input/datasets/tvtttv/gqa-thesis/GQA/images/2374981.jpg,data/kaggle_datasets/GQA/images/2374981.jpg,What is the color of the door the sticker is on?,white,White,Blue,White,White,True,True,True,True,ours_and_threshold_recovery,attr,query,directOf,,SparseVLM-Original-64 is wrong and Ours-64 is correct in a non-failure-mining benchmark case.,Candidate for manual Stage 7 inspection only; not a prevalence claim and not causal proof.
195,GQA_02662320,gqa,02662320,2393383,/kaggle/input/datasets/tvtttv/gqa-thesis/GQA/images/2393383.jpg,data/kaggle_datasets/GQA/images/2393383.jpg,How clean is the toilet seat?,clean,Clean,Dirty,Clean,Clean,True,True,True,True,ours_and_threshold_recovery,attr,query,how,,SparseVLM-Original-64 is wrong and Ours-64 is correct in a non-failure-mining benchmark case.,Candidate for manual Stage 7 inspection only; not a prevalence claim and not causal proof.
196,GQA_05425412,gqa,05425412,2354950,/kaggle/input/datasets/tvtttv/gqa-thesis/GQA/images/2354950.jpg,data/kaggle_datasets/GQA/images/2354950.jpg,What is the color of the tiles?,green,Green,Brown,Green,Green,True,True,True,True,ours_and_threshold_recovery,attr,query,directOf,,SparseVLM-Original-64 is wrong and Ours-64 is correct in a non-failure-mining benchmark case.,Candidate for manual Stage 7 inspection only; not a prevalence claim and not causal proof.
197,GQA_07613830,gqa,07613830,2413817,/kaggle/input/datasets/tvtttv/gqa-thesis/GQA/images/2413817.jpg,data/kaggle_datasets/GQA/images/2413817.jpg,Do the house and the sign have a different colors?,yes,Yes,No,Yes,Yes,True,True,True,True,ours_and_threshold_recovery,attr,compare,twoDifferent,,SparseVLM-Original-64 is wrong and Ours-64 is correct in a non-failure-mining benchmark case.,Candidate for manual Stage 7 inspection only; not a prevalence claim and not causal proof.
198,GQA_08258647,gqa,08258647,2414210,/kaggle/input/datasets/tvtttv/gqa-thesis/GQA/images/2414210.jpg,data/kaggle_datasets/GQA/images/2414210.jpg,Does the happy person wear a jacket?,yes,Yes,No,Yes,Yes,True,True,True,True,ours_and_threshold_recovery,rel,verify,relVerify,,SparseVLM-Original-64 is wrong and Ours-64 is correct in a non-failure-mining benchmark case.,Candidate for manual Stage 7 inspection only; not a prevalence claim and not causal proof.
199,GQA_1067200,gqa,1067200,2336295,/kaggle/input/datasets/tvtttv/gqa-thesis/GQA/images/2336295.jpg,data/kaggle_datasets/GQA/images/2336295.jpg,Is the guy on the left side or on the right?,left,Left,Right,Left,Left,True,True,True,True,ours_and_threshold_recovery,attr,choose,positionChoose,,SparseVLM-Original-64 is wrong and Ours-64 is correct in a non-failure-mining benchmark case.,Candidate for manual Stage 7 inspection only; not a prevalence claim and not causal proof.
200,GQA_16319797,gqa,16319797,2401477,/kaggle/input/datasets/tvtttv/gqa-thesis/GQA/images/2401477.jpg,data/kaggle_datasets/GQA/images/2401477.jpg,What kind of clothing is yellow?,sweater,Sweater,Shirt,Sweater,Sweater,True,True,True,True,ours_and_threshold_recovery,cat,query,categoryThat,,SparseVLM-Original-64 is wrong and Ours-64 is correct in a non-failure-mining benchmark case.,Candidate for manual Stage 7 inspection only; not a prevalence claim and not causal proof.
201,GQA_16806755,gqa,16806755,2393683,/kaggle/input/datasets/tvtttv/gqa-thesis/GQA/images/2393683.jpg,data/kaggle_datasets/GQA/images/2393683.jpg,Who is holding the racket?,boy,Boy,Man,Boy,Boy,True,True,True,True,ours_and_threshold_recovery,rel,query,relS,,SparseVLM-Original-64 is wrong and Ours-64 is correct in a non-failure-mining benchmark case.,Candidate for manual Stage 7 inspection only; not a prevalence claim and not causal proof.
202,GQA_16862661,gqa,16862661,2359953,/kaggle/input/datasets/tvtttv/gqa-thesis/GQA/images/2359953.jpg,data/kaggle_datasets/GQA/images/2359953.jpg,What is the man on?,surfboard,Surfboard,Paddleboard,Surfboard,Surfboard,True,True,True,True,ours_and_threshold_recovery,rel,query,relO,,SparseVLM-Original-64 is wrong and Ours-64 is correct in a non-failure-mining benchmark case.,Candidate for manual Stage 7 inspection only; not a prevalence claim and not causal proof.
203,GQA_17866760,gqa,17866760,2412235,/kaggle/input/datasets/tvtttv/gqa-thesis/GQA/images/2412235.jpg,data/kaggle_datasets/GQA/images/2412235.jpg,Which kind of furniture is the glass on?,shelf,Shelf,Table,Shelf,Shelf,True,True,True,True,ours_and_threshold_recovery,rel,query,categoryRelO,,SparseVLM-Original-64 is wrong and Ours-64 is correct in a non-failure-mining benchmark case.,Candidate for manual Stage 7 inspection only; not a prevalence claim and not causal proof.
204,GQA_19225511,gqa,19225511,2342134,/kaggle/input/datasets/tvtttv/gqa-thesis/GQA/images/2342134.jpg,data/kaggle_datasets/GQA/images/2342134.jpg,Do you see refrigerators in the scene?,yes,Yes,No,Yes,Yes,True,True,True,True,ours_and_threshold_recovery,obj,verify,exist,,SparseVLM-Original-64 is wrong and Ours-64 is correct in a non-failure-mining benchmark case.,Candidate for manual Stage 7 inspection only; not a prevalence claim and not causal proof.
205,POPE_popular_198,pope,popular_198,COCO_val2014_000000526321.jpg,/kaggle/input/datasets/tvtttv/pope-thesis/POPE/val2014/COCO_val2014_000000526321.jpg,data/kaggle_datasets/POPE/val2014/COCO_val2014_000000526321.jpg,Is there a chair in the image?,no,no,yes,no,no,True,True,True,True,ours_and_threshold_recovery,,,,popular,SparseVLM-Original-64 is wrong and Ours-64 is correct in a non-failure-mining benchmark case.,Candidate for manual Stage 7 inspection only; not a prevalence claim and not causal proof.
206,GQA_07125985,gqa,07125985,415,/kaggle/input/datasets/tvtttv/gqa-thesis/GQA/images/415.jpg,data/kaggle_datasets/GQA/images/415.jpg,Is the man on the left?,yes,Yes,No,Yes,Yes,True,True,True,True,ours_and_threshold_recovery,attr,verify,positionVerify,,SparseVLM-Original-64 is wrong and Ours-64 is correct in a non-failure-mining benchmark case.,Candidate for manual Stage 7 inspection only; not a prevalence claim and not causal proof.
207,GQA_07733683,gqa,07733683,2329137,/kaggle/input/datasets/tvtttv/gqa-thesis/GQA/images/2329137.jpg,data/kaggle_datasets/GQA/images/2329137.jpg,Is the green lettuce on the sandwich?,yes,Yes,No,Yes,Yes,True,True,True,True,ours_and_threshold_recovery,rel,verify,relVerify,,SparseVLM-Original-64 is wrong and Ours-64 is correct in a non-failure-mining benchmark case.,Candidate for manual Stage 7 inspection only; not a prevalence claim and not causal proof.
208,GQA_13432895,gqa,13432895,2321912,/kaggle/input/datasets/tvtttv/gqa-thesis/GQA/images/2321912.jpg,data/kaggle_datasets/GQA/images/2321912.jpg,Which side of the picture is the woman on?,right,Right,Left,Right,Right,True,True,True,True,ours_and_threshold_recovery,attr,query,positionQuery,,SparseVLM-Original-64 is wrong and Ours-64 is correct in a non-failure-mining benchmark case.,Candidate for manual Stage 7 inspection only; not a prevalence claim and not causal proof.
209,GQA_15315769,gqa,15315769,2399821,/kaggle/input/datasets/tvtttv/gqa-thesis/GQA/images/2399821.jpg,data/kaggle_datasets/GQA/images/2399821.jpg,What is the girl wearing?,jacket,Jacket,Coat,Jacket,Jacket,True,True,True,True,ours_and_threshold_recovery,rel,query,relO,,SparseVLM-Original-64 is wrong and Ours-64 is correct in a non-failure-mining benchmark case.,Candidate for manual Stage 7 inspection only; not a prevalence claim and not causal proof.
210,GQA_17272591,gqa,17272591,2369799,/kaggle/input/datasets/tvtttv/gqa-thesis/GQA/images/2369799.jpg,data/kaggle_datasets/GQA/images/2369799.jpg,What is the material of the floor?,concrete,Concrete,Wood,Concrete,Concrete,True,True,True,True,ours_and_threshold_recovery,attr,query,material,,SparseVLM-Original-64 is wrong and Ours-64 is correct in a non-failure-mining benchmark case.,Candidate for manual Stage 7 inspection only; not a prevalence claim and not causal proof.
211,GQA_09180087,gqa,09180087,2387762,/kaggle/input/datasets/tvtttv/gqa-thesis/GQA/images/2387762.jpg,data/kaggle_datasets/GQA/images/2387762.jpg,Which place is it?,skate park,Skate park,Field,Skate park,Skate park,True,True,True,True,ours_and_threshold_recovery,global,query,place,,SparseVLM-Original-64 is wrong and Ours-64 is correct in a non-failure-mining benchmark case.,Candidate for manual Stage 7 inspection only; not a prevalence claim and not causal proof.
212,GQA_021025835,gqa,021025835,2364729,/kaggle/input/datasets/tvtttv/gqa-thesis/GQA/images/2364729.jpg,data/kaggle_datasets/GQA/images/2364729.jpg,Are there any cabinets to the right of the fridge?,yes,Yes,No,Yes,Yes,True,True,True,True,ours_and_threshold_recovery,rel,verify,existRelS,,SparseVLM-Original-64 is wrong and Ours-64 is correct in a non-failure-mining benchmark case.,Candidate for manual Stage 7 inspection only; not a prevalence claim and not causal proof.
213,GQA_031028553,gqa,031028553,2391779,/kaggle/input/datasets/tvtttv/gqa-thesis/GQA/images/2391779.jpg,data/kaggle_datasets/GQA/images/2391779.jpg,Who is using the computer?,boy,Boy,People,Boy,Boy,True,True,True,True,ours_and_threshold_recovery,rel,query,relS,,SparseVLM-Original-64 is wrong and Ours-64 is correct in a non-failure-mining benchmark case.,Candidate for manual Stage 7 inspection only; not a prevalence claim and not causal proof.
214,GQA_051058619,gqa,051058619,2351317,/kaggle/input/datasets/tvtttv/gqa-thesis/GQA/images/2351317.jpg,data/kaggle_datasets/GQA/images/2351317.jpg,Who is wearing the t-shirt?,girl,Girl,Woman,Girl,Girl,True,True,True,True,ours_and_threshold_recovery,rel,query,relS,,SparseVLM-Original-64 is wrong and Ours-64 is correct in a non-failure-mining benchmark case.,Candidate for manual Stage 7 inspection only; not a prevalence claim and not causal proof.
215,GQA_12252856,gqa,12252856,2405244,/kaggle/input/datasets/tvtttv/gqa-thesis/GQA/images/2405244.jpg,data/kaggle_datasets/GQA/images/2405244.jpg,What is the train on?,platform,Platform,Tracks,Platform,Platform,True,True,True,True,ours_and_threshold_recovery,rel,query,relO,,SparseVLM-Original-64 is wrong and Ours-64 is correct in a non-failure-mining benchmark case.,Candidate for manual Stage 7 inspection only; not a prevalence claim and not causal proof.
216,GQA_13555923,gqa,13555923,2393739,/kaggle/input/datasets/tvtttv/gqa-thesis/GQA/images/2393739.jpg,data/kaggle_datasets/GQA/images/2393739.jpg,On which side is the wood chair?,right,Right,Left,Right,Right,True,True,True,True,ours_and_threshold_recovery,attr,query,positionQuery,,SparseVLM-Original-64 is wrong and Ours-64 is correct in a non-failure-mining benchmark case.,Candidate for manual Stage 7 inspection only; not a prevalence claim and not causal proof.
217,GQA_0778748,gqa,0778748,2364258,/kaggle/input/datasets/tvtttv/gqa-thesis/GQA/images/2364258.jpg,data/kaggle_datasets/GQA/images/2364258.jpg,On which side is the baby?,right,Right,Left,Right,Right,True,True,True,True,ours_and_threshold_recovery,attr,query,positionQuery,,SparseVLM-Original-64 is wrong and Ours-64 is correct in a non-failure-mining benchmark case.,Candidate for manual Stage 7 inspection only; not a prevalence claim and not causal proof.
218,GQA_00882837,gqa,00882837,2355234,/kaggle/input/datasets/tvtttv/gqa-thesis/GQA/images/2355234.jpg,data/kaggle_datasets/GQA/images/2355234.jpg,Are there any pillows to the left of the sofa that is in front of the lamp?,yes,Yes,No,Yes,Yes,True,True,True,True,ours_and_threshold_recovery,rel,verify,existRelS,,SparseVLM-Original-64 is wrong and Ours-64 is correct in a non-failure-mining benchmark case.,Candidate for manual Stage 7 inspection only; not a prevalence claim and not causal proof.
219,GQA_02395704,gqa,02395704,2369810,/kaggle/input/datasets/tvtttv/gqa-thesis/GQA/images/2369810.jpg,data/kaggle_datasets/GQA/images/2369810.jpg,Are the yellow chairs on the right or on the left side?,left,Left,Right,Left,Left,True,True,True,True,ours_and_threshold_recovery,attr,choose,positionChoose,,SparseVLM-Original-64 is wrong and Ours-64 is correct in a non-failure-mining benchmark case.,Candidate for manual Stage 7 inspection only; not a prevalence claim and not causal proof.
220,GQA_05282496,gqa,05282496,2401498,/kaggle/input/datasets/tvtttv/gqa-thesis/GQA/images/2401498.jpg,data/kaggle_datasets/GQA/images/2401498.jpg,What is the food to the left of the lady in this photo?,pancakes,Pancakes,Pancake,Pancakes,Pancakes,True,True,True,True,ours_and_threshold_recovery,rel,query,categoryRelS,,SparseVLM-Original-64 is wrong and Ours-64 is correct in a non-failure-mining benchmark case.,Candidate for manual Stage 7 inspection only; not a prevalence claim and not causal proof.
221,GQA_06699178,gqa,06699178,1670,/kaggle/input/datasets/tvtttv/gqa-thesis/GQA/images/1670.jpg,data/kaggle_datasets/GQA/images/1670.jpg,Is the computer desk beige or black?,beige,Beige,Black,Beige,Beige,True,True,True,True,ours_and_threshold_recovery,attr,choose,chooseAttr,,SparseVLM-Original-64 is wrong and Ours-64 is correct in a non-failure-mining benchmark case.,Candidate for manual Stage 7 inspection only; not a prevalence claim and not causal proof.
222,GQA_10595290,gqa,10595290,2404396,/kaggle/input/datasets/tvtttv/gqa-thesis/GQA/images/2404396.jpg,data/kaggle_datasets/GQA/images/2404396.jpg,The trees are where?,yard,Yard,Field,Yard,Yard,True,True,True,True,ours_and_threshold_recovery,rel,query,relO,,SparseVLM-Original-64 is wrong and Ours-64 is correct in a non-failure-mining benchmark case.,Candidate for manual Stage 7 inspection only; not a prevalence claim and not causal proof.
223,GQA_12171228,gqa,12171228,2367977,/kaggle/input/datasets/tvtttv/gqa-thesis/GQA/images/2367977.jpg,data/kaggle_datasets/GQA/images/2367977.jpg,Are there any doors that are brown?,yes,Yes,No,Yes,Yes,True,True,True,True,ours_and_threshold_recovery,obj,verify,existThat,,SparseVLM-Original-64 is wrong and Ours-64 is correct in a non-failure-mining benchmark case.,Candidate for manual Stage 7 inspection only; not a prevalence claim and not causal proof.
224,GQA_12278128,gqa,12278128,2405744,/kaggle/input/datasets/tvtttv/gqa-thesis/GQA/images/2405744.jpg,data/kaggle_datasets/GQA/images/2405744.jpg,Is the helmet on the left side?,yes,Yes,No,Yes,Yes,True,True,True,True,ours_and_threshold_recovery,attr,verify,positionVerify,,SparseVLM-Original-64 is wrong and Ours-64 is correct in a non-failure-mining benchmark case.,Candidate for manual Stage 7 inspection only; not a prevalence claim and not causal proof.
225,GQA_12584792,gqa,12584792,713911,/kaggle/input/datasets/tvtttv/gqa-thesis/GQA/images/713911.jpg,data/kaggle_datasets/GQA/images/713911.jpg,What are the pieces of furniture to the right of the girl that is to the right of the purse called?,tables,Tables,Shelves,Tables,Tables,True,True,True,True,ours_and_threshold_recovery,rel,query,categoryRelS,,SparseVLM-Original-64 is wrong and Ours-64 is correct in a non-failure-mining benchmark case.,Candidate for manual Stage 7 inspection only; not a prevalence claim and not causal proof.
226,GQA_1297276,gqa,1297276,2385826,/kaggle/input/datasets/tvtttv/gqa-thesis/GQA/images/2385826.jpg,data/kaggle_datasets/GQA/images/2385826.jpg,What is the black piece of clothing?,coat,Coat,Hat,Coat,Coat,True,True,True,True,ours_and_threshold_recovery,cat,query,categoryAttr,,SparseVLM-Original-64 is wrong and Ours-64 is correct in a non-failure-mining benchmark case.,Candidate for manual Stage 7 inspection only; not a prevalence claim and not causal proof.
227,GQA_13168629,gqa,13168629,2316612,/kaggle/input/datasets/tvtttv/gqa-thesis/GQA/images/2316612.jpg,data/kaggle_datasets/GQA/images/2316612.jpg,On which side is the cheese?,right,Right,Left,Right,Right,True,True,True,True,ours_and_threshold_recovery,attr,query,positionQuery,,SparseVLM-Original-64 is wrong and Ours-64 is correct in a non-failure-mining benchmark case.,Candidate for manual Stage 7 inspection only; not a prevalence claim and not causal proof.
228,GQA_13834667,gqa,13834667,2398554,/kaggle/input/datasets/tvtttv/gqa-thesis/GQA/images/2398554.jpg,data/kaggle_datasets/GQA/images/2398554.jpg,What is in front of the vehicle that is to the right of the police officer?,bus,Bus,Motorcycle,Bus,Bus,True,True,True,True,ours_and_threshold_recovery,rel,query,relS,,SparseVLM-Original-64 is wrong and Ours-64 is correct in a non-failure-mining benchmark case.,Candidate for manual Stage 7 inspection only; not a prevalence claim and not causal proof.
229,GQA_15261477,gqa,15261477,2357999,/kaggle/input/datasets/tvtttv/gqa-thesis/GQA/images/2357999.jpg,data/kaggle_datasets/GQA/images/2357999.jpg,Are there pots to the right of the wine?,yes,Yes,No,Yes,Yes,True,True,True,True,ours_and_threshold_recovery,rel,verify,existRelS,,SparseVLM-Original-64 is wrong and Ours-64 is correct in a non-failure-mining benchmark case.,Candidate for manual Stage 7 inspection only; not a prevalence claim and not causal proof.
230,GQA_15290680,gqa,15290680,2373462,/kaggle/input/datasets/tvtttv/gqa-thesis/GQA/images/2373462.jpg,data/kaggle_datasets/GQA/images/2373462.jpg,On which side of the photo is the cat?,right,Right,Left,Right,Right,True,True,True,True,ours_and_threshold_recovery,attr,query,positionQuery,,SparseVLM-Original-64 is wrong and Ours-64 is correct in a non-failure-mining benchmark case.,Candidate for manual Stage 7 inspection only; not a prevalence claim and not causal proof.
231,POPE_adversarial_226,pope,adversarial_226,COCO_val2014_000000360600.jpg,/kaggle/input/datasets/tvtttv/pope-thesis/POPE/val2014/COCO_val2014_000000360600.jpg,data/kaggle_datasets/POPE/val2014/COCO_val2014_000000360600.jpg,Is there a dining table in the image?,no,no,yes,no,no,True,True,True,True,ours_and_threshold_recovery,,,,adversarial,SparseVLM-Original-64 is wrong and Ours-64 is correct in a non-failure-mining benchmark case.,Candidate for manual Stage 7 inspection only; not a prevalence claim and not causal proof.
232,POPE_popular_224,pope,popular_224,COCO_val2014_000000360600.jpg,/kaggle/input/datasets/tvtttv/pope-thesis/POPE/val2014/COCO_val2014_000000360600.jpg,data/kaggle_datasets/POPE/val2014/COCO_val2014_000000360600.jpg,Is there a dining table in the image?,no,no,yes,no,no,True,True,True,True,ours_and_threshold_recovery,,,,popular,SparseVLM-Original-64 is wrong and Ours-64 is correct in a non-failure-mining benchmark case.,Candidate for manual Stage 7 inspection only; not a prevalence claim and not causal proof.
233,GQA_12341814,gqa,12341814,2378022,/kaggle/input/datasets/tvtttv/gqa-thesis/GQA/images/2378022.jpg,data/kaggle_datasets/GQA/images/2378022.jpg,Which side is the bread on?,right,Right,Left,Right,Right,True,True,True,True,ours_and_threshold_recovery,attr,query,positionQuery,,SparseVLM-Original-64 is wrong and Ours-64 is correct in a non-failure-mining benchmark case.,Candidate for manual Stage 7 inspection only; not a prevalence claim and not causal proof.
234,GQA_021037144,gqa,021037144,2389115,/kaggle/input/datasets/tvtttv/gqa-thesis/GQA/images/2389115.jpg,data/kaggle_datasets/GQA/images/2389115.jpg,Is the blue umbrella to the right or to the left of the woman in the middle?,right,Right,Left,Right,Right,True,True,True,True,ours_and_threshold_recovery,rel,choose,relChooser,,SparseVLM-Original-64 is wrong and Ours-64 is correct in a non-failure-mining benchmark case.,Candidate for manual Stage 7 inspection only; not a prevalence claim and not causal proof.
235,GQA_11781054,gqa,11781054,2325896,/kaggle/input/datasets/tvtttv/gqa-thesis/GQA/images/2325896.jpg,data/kaggle_datasets/GQA/images/2325896.jpg,Are both the road and the roof the same color?,no,No,Yes,No,No,True,True,True,True,ours_and_threshold_recovery,attr,compare,twoSameC,,SparseVLM-Original-64 is wrong and Ours-64 is correct in a non-failure-mining benchmark case.,Candidate for manual Stage 7 inspection only; not a prevalence claim and not causal proof.
236,GQA_01442160,gqa,01442160,2346426,/kaggle/input/datasets/tvtttv/gqa-thesis/GQA/images/2346426.jpg,data/kaggle_datasets/GQA/images/2346426.jpg,Is the freezer on the left side of the picture?,no,No,Yes,No,No,True,True,True,True,ours_and_threshold_recovery,attr,verify,positionVerifyC,,SparseVLM-Original-64 is wrong and Ours-64 is correct in a non-failure-mining benchmark case.,Candidate for manual Stage 7 inspection only; not a prevalence claim and not causal proof.
237,GQA_03753520,gqa,03753520,2385114,/kaggle/input/datasets/tvtttv/gqa-thesis/GQA/images/2385114.jpg,data/kaggle_datasets/GQA/images/2385114.jpg,Are there both chairs and pillows in the image?,yes,Yes,No,Yes,Yes,True,True,True,True,ours_and_threshold_recovery,obj,logical,existAnd,,SparseVLM-Original-64 is wrong and Ours-64 is correct in a non-failure-mining benchmark case.,Candidate for manual Stage 7 inspection only; not a prevalence claim and not causal proof.
238,GQA_0479775,gqa,0479775,2401325,/kaggle/input/datasets/tvtttv/gqa-thesis/GQA/images/2401325.jpg,data/kaggle_datasets/GQA/images/2401325.jpg,What color is the dry road?,gray,Gray,Black,Gray,Gray,True,True,True,True,ours_and_threshold_recovery,attr,query,directOf,,SparseVLM-Original-64 is wrong and Ours-64 is correct in a non-failure-mining benchmark case.,Candidate for manual Stage 7 inspection only; not a prevalence claim and not causal proof.
239,GQA_05893033,gqa,05893033,2371148,/kaggle/input/datasets/tvtttv/gqa-thesis/GQA/images/2371148.jpg,data/kaggle_datasets/GQA/images/2371148.jpg,What is covered in snow?,ground,Ground,Fire hydrant,Ground,Ground,True,True,True,True,ours_and_threshold_recovery,rel,query,relS,,SparseVLM-Original-64 is wrong and Ours-64 is correct in a non-failure-mining benchmark case.,Candidate for manual Stage 7 inspection only; not a prevalence claim and not causal proof.
240,GQA_09595632,gqa,09595632,869,/kaggle/input/datasets/tvtttv/gqa-thesis/GQA/images/869.jpg,data/kaggle_datasets/GQA/images/869.jpg,Which place is it?,street,Street,Store,Street,Street,True,True,True,True,ours_and_threshold_recovery,global,query,place,,SparseVLM-Original-64 is wrong and Ours-64 is correct in a non-failure-mining benchmark case.,Candidate for manual Stage 7 inspection only; not a prevalence claim and not causal proof.
241,GQA_0993482,gqa,0993482,2417611,/kaggle/input/datasets/tvtttv/gqa-thesis/GQA/images/2417611.jpg,data/kaggle_datasets/GQA/images/2417611.jpg,Where is the snow?,ground,Ground,Mountain,Ground,Ground,True,True,True,True,ours_and_threshold_recovery,rel,query,relO,,SparseVLM-Original-64 is wrong and Ours-64 is correct in a non-failure-mining benchmark case.,Candidate for manual Stage 7 inspection only; not a prevalence claim and not causal proof.
242,GQA_13187608,gqa,13187608,2413059,/kaggle/input/datasets/tvtttv/gqa-thesis/GQA/images/2413059.jpg,data/kaggle_datasets/GQA/images/2413059.jpg,Is the grass brown and tall?,yes,Yes,No,Yes,Yes,True,True,True,True,ours_and_threshold_recovery,attr,logical,verifyAttrs,,SparseVLM-Original-64 is wrong and Ours-64 is correct in a non-failure-mining benchmark case.,Candidate for manual Stage 7 inspection only; not a prevalence claim and not causal proof.
243,GQA_13414037,gqa,13414037,2412198,/kaggle/input/datasets/tvtttv/gqa-thesis/GQA/images/2412198.jpg,data/kaggle_datasets/GQA/images/2412198.jpg,Who wears a shirt?,woman,Woman,Player,Woman,Woman,True,True,True,True,ours_and_threshold_recovery,rel,query,relS,,SparseVLM-Original-64 is wrong and Ours-64 is correct in a non-failure-mining benchmark case.,Candidate for manual Stage 7 inspection only; not a prevalence claim and not causal proof.
244,GQA_13777311,gqa,13777311,2403093,/kaggle/input/datasets/tvtttv/gqa-thesis/GQA/images/2403093.jpg,data/kaggle_datasets/GQA/images/2403093.jpg,Is there an oven that is clean?,no,No,Yes,No,No,True,True,True,True,ours_and_threshold_recovery,obj,verify,existThatC,,SparseVLM-Original-64 is wrong and Ours-64 is correct in a non-failure-mining benchmark case.,Candidate for manual Stage 7 inspection only; not a prevalence claim and not causal proof.
245,GQA_15394337,gqa,15394337,2350252,/kaggle/input/datasets/tvtttv/gqa-thesis/GQA/images/2350252.jpg,data/kaggle_datasets/GQA/images/2350252.jpg,"How do the orange carrots look like, raw or baked?",baked,Baked,Raw,Baked,Baked,True,True,True,True,ours_and_threshold_recovery,attr,choose,chooseAttr,,SparseVLM-Original-64 is wrong and Ours-64 is correct in a non-failure-mining benchmark case.,Candidate for manual Stage 7 inspection only; not a prevalence claim and not causal proof.
246,GQA_15559095,gqa,15559095,2370549,/kaggle/input/datasets/tvtttv/gqa-thesis/GQA/images/2370549.jpg,data/kaggle_datasets/GQA/images/2370549.jpg,Do you see any fences or zebras in the picture?,yes,Yes,No,Yes,Yes,True,True,True,True,ours_and_threshold_recovery,obj,logical,existOr,,SparseVLM-Original-64 is wrong and Ours-64 is correct in a non-failure-mining benchmark case.,Candidate for manual Stage 7 inspection only; not a prevalence claim and not causal proof.
247,GQA_18903080,gqa,18903080,2417531,/kaggle/input/datasets/tvtttv/gqa-thesis/GQA/images/2417531.jpg,data/kaggle_datasets/GQA/images/2417531.jpg,Which place is it?,field,Field,Forest,Field,Field,True,True,True,True,ours_and_threshold_recovery,global,query,place,,SparseVLM-Original-64 is wrong and Ours-64 is correct in a non-failure-mining benchmark case.,Candidate for manual Stage 7 inspection only; not a prevalence claim and not causal proof.
248,GQA_10756311,gqa,10756311,2362756,/kaggle/input/datasets/tvtttv/gqa-thesis/GQA/images/2362756.jpg,data/kaggle_datasets/GQA/images/2362756.jpg,Do the fence and the skateboard have a different colors?,no,No,Yes,No,No,True,True,True,True,ours_and_threshold_recovery,attr,compare,twoDifferentC,,SparseVLM-Original-64 is wrong and Ours-64 is correct in a non-failure-mining benchmark case.,Candidate for manual Stage 7 inspection only; not a prevalence claim and not causal proof.
249,GQA_12962042,gqa,12962042,2407481,/kaggle/input/datasets/tvtttv/gqa-thesis/GQA/images/2407481.jpg,data/kaggle_datasets/GQA/images/2407481.jpg,What is the item of furniture that has the same color as the curtain on the window called?,chair,Chair,Couch,Chair,Chair,True,True,True,True,ours_and_threshold_recovery,rel,query,sameRelate,,SparseVLM-Original-64 is wrong and Ours-64 is correct in a non-failure-mining benchmark case.,Candidate for manual Stage 7 inspection only; not a prevalence claim and not causal proof.
250,GQA_1335419,gqa,1335419,2414395,/kaggle/input/datasets/tvtttv/gqa-thesis/GQA/images/2414395.jpg,data/kaggle_datasets/GQA/images/2414395.jpg,Is there a child on the elephant?,yes,Yes,No,Yes,Yes,True,True,True,True,ours_and_threshold_recovery,rel,verify,existRelS,,SparseVLM-Original-64 is wrong and Ours-64 is correct in a non-failure-mining benchmark case.,Candidate for manual Stage 7 inspection only; not a prevalence claim and not causal proof.
251,GQA_161016410,gqa,161016410,2387532,/kaggle/input/datasets/tvtttv/gqa-thesis/GQA/images/2387532.jpg,data/kaggle_datasets/GQA/images/2387532.jpg,Who is wearing the shoes?,boy,Boy,Man,Boy,Boy,True,True,True,True,ours_and_threshold_recovery,rel,query,relS,,SparseVLM-Original-64 is wrong and Ours-64 is correct in a non-failure-mining benchmark case.,Candidate for manual Stage 7 inspection only; not a prevalence claim and not causal proof.
252,GQA_16801731,gqa,16801731,2343823,/kaggle/input/datasets/tvtttv/gqa-thesis/GQA/images/2343823.jpg,data/kaggle_datasets/GQA/images/2343823.jpg,What is the color of the grass?,brown,Brown,Green,Brown,Brown,True,True,True,True,ours_and_threshold_recovery,attr,query,directOf,,SparseVLM-Original-64 is wrong and Ours-64 is correct in a non-failure-mining benchmark case.,Candidate for manual Stage 7 inspection only; not a prevalence claim and not causal proof.
253,GQA_18986332,gqa,18986332,2375683,/kaggle/input/datasets/tvtttv/gqa-thesis/GQA/images/2375683.jpg,data/kaggle_datasets/GQA/images/2375683.jpg,Is the person in the top part of the picture?,yes,Yes,No,Yes,Yes,True,True,True,True,ours_and_threshold_recovery,attr,verify,positionVerify,,SparseVLM-Original-64 is wrong and Ours-64 is correct in a non-failure-mining benchmark case.,Candidate for manual Stage 7 inspection only; not a prevalence claim and not causal proof.
254,POPE_adversarial_111,pope,adversarial_111,COCO_val2014_000000157084.jpg,/kaggle/input/datasets/tvtttv/pope-thesis/POPE/val2014/COCO_val2014_000000157084.jpg,data/kaggle_datasets/POPE/val2014/COCO_val2014_000000157084.jpg,Is there a bench in the image?,yes,yes,no,yes,yes,True,True,True,True,ours_and_threshold_recovery,,,,adversarial,SparseVLM-Original-64 is wrong and Ours-64 is correct in a non-failure-mining benchmark case.,Candidate for manual Stage 7 inspection only; not a prevalence claim and not causal proof.
255,POPE_popular_111,pope,popular_111,COCO_val2014_000000157084.jpg,/kaggle/input/datasets/tvtttv/pope-thesis/POPE/val2014/COCO_val2014_000000157084.jpg,data/kaggle_datasets/POPE/val2014/COCO_val2014_000000157084.jpg,Is there a bench in the image?,yes,yes,no,yes,yes,True,True,True,True,ours_and_threshold_recovery,,,,popular,SparseVLM-Original-64 is wrong and Ours-64 is correct in a non-failure-mining benchmark case.,Candidate for manual Stage 7 inspection only; not a prevalence claim and not causal proof.
256,POPE_random_104,pope,random_104,COCO_val2014_000000157084.jpg,/kaggle/input/datasets/tvtttv/pope-thesis/POPE/val2014/COCO_val2014_000000157084.jpg,data/kaggle_datasets/POPE/val2014/COCO_val2014_000000157084.jpg,Is there a bench in the image?,yes,yes,no,yes,yes,True,True,True,True,ours_and_threshold_recovery,,,,random,SparseVLM-Original-64 is wrong and Ours-64 is correct in a non-failure-mining benchmark case.,Candidate for manual Stage 7 inspection only; not a prevalence claim and not causal proof.
257,GQA_10369161,gqa,10369161,2392875,/kaggle/input/datasets/tvtttv/gqa-thesis/GQA/images/2392875.jpg,data/kaggle_datasets/GQA/images/2392875.jpg,What type of fruit is to the left of the tray that leans on the wall?,peach,Peach,Avocado,Peach,Peach,True,True,True,True,ours_and_threshold_recovery,rel,query,categoryRelS,,SparseVLM-Original-64 is wrong and Ours-64 is correct in a non-failure-mining benchmark case.,Candidate for manual Stage 7 inspection only; not a prevalence claim and not causal proof.
258,GQA_15825125,gqa,15825125,955,/kaggle/input/datasets/tvtttv/gqa-thesis/GQA/images/955.jpg,data/kaggle_datasets/GQA/images/955.jpg,On what is the white animal sitting?,chair,Chair,Bench,Chair,Chair,True,True,True,True,ours_and_threshold_recovery,rel,query,relO,,SparseVLM-Original-64 is wrong and Ours-64 is correct in a non-failure-mining benchmark case.,Candidate for manual Stage 7 inspection only; not a prevalence claim and not causal proof.
259,GQA_17156710,gqa,17156710,2369002,/kaggle/input/datasets/tvtttv/gqa-thesis/GQA/images/2369002.jpg,data/kaggle_datasets/GQA/images/2369002.jpg,Who is wearing clothes?,people,People,Woman,People,People,True,True,True,True,ours_and_threshold_recovery,rel,query,relS,,SparseVLM-Original-64 is wrong and Ours-64 is correct in a non-failure-mining benchmark case.,Candidate for manual Stage 7 inspection only; not a prevalence claim and not causal proof.
260,GQA_0435047,gqa,0435047,2362120,/kaggle/input/datasets/tvtttv/gqa-thesis/GQA/images/2362120.jpg,data/kaggle_datasets/GQA/images/2362120.jpg,Is the black suitcase to the left or to the right of the man that is holding the bag?,right,Right,Left,Right,Right,True,True,True,True,ours_and_threshold_recovery,rel,choose,relChooser,,SparseVLM-Original-64 is wrong and Ours-64 is correct in a non-failure-mining benchmark case.,Candidate for manual Stage 7 inspection only; not a prevalence claim and not causal proof.
261,GQA_09344217,gqa,09344217,2334795,/kaggle/input/datasets/tvtttv/gqa-thesis/GQA/images/2334795.jpg,data/kaggle_datasets/GQA/images/2334795.jpg,Which place is it?,parking lot,Parking lot,Street,Parking lot,Parking lot,True,True,True,True,ours_and_threshold_recovery,global,query,place,,SparseVLM-Original-64 is wrong and Ours-64 is correct in a non-failure-mining benchmark case.,Candidate for manual Stage 7 inspection only; not a prevalence claim and not causal proof.
262,GQA_19358251,gqa,19358251,1159380,/kaggle/input/datasets/tvtttv/gqa-thesis/GQA/images/1159380.jpg,data/kaggle_datasets/GQA/images/1159380.jpg,Is the refrigerator on the left side or on the right of the image?,left,Left,Right,Left,Left,True,True,True,True,ours_and_threshold_recovery,attr,choose,positionChoose,,SparseVLM-Original-64 is wrong and Ours-64 is correct in a non-failure-mining benchmark case.,Candidate for manual Stage 7 inspection only; not a prevalence claim and not causal proof.
263,POPE_adversarial_215,pope,adversarial_215,COCO_val2014_000000170517.jpg,/kaggle/input/datasets/tvtttv/pope-thesis/POPE/val2014/COCO_val2014_000000170517.jpg,data/kaggle_datasets/POPE/val2014/COCO_val2014_000000170517.jpg,Is there a car in the image?,yes,yes,no,yes,yes,True,True,True,True,ours_and_threshold_recovery,,,,adversarial,SparseVLM-Original-64 is wrong and Ours-64 is correct in a non-failure-mining benchmark case.,Candidate for manual Stage 7 inspection only; not a prevalence claim and not causal proof.
264,POPE_popular_215,pope,popular_215,COCO_val2014_000000170517.jpg,/kaggle/input/datasets/tvtttv/pope-thesis/POPE/val2014/COCO_val2014_000000170517.jpg,data/kaggle_datasets/POPE/val2014/COCO_val2014_000000170517.jpg,Is there a car in the image?,yes,yes,no,yes,yes,True,True,True,True,ours_and_threshold_recovery,,,,popular,SparseVLM-Original-64 is wrong and Ours-64 is correct in a non-failure-mining benchmark case.,Candidate for manual Stage 7 inspection only; not a prevalence claim and not causal proof.
265,POPE_random_204,pope,random_204,COCO_val2014_000000170517.jpg,/kaggle/input/datasets/tvtttv/pope-thesis/POPE/val2014/COCO_val2014_000000170517.jpg,data/kaggle_datasets/POPE/val2014/COCO_val2014_000000170517.jpg,Is there a car in the image?,yes,yes,no,yes,yes,True,True,True,True,ours_and_threshold_recovery,,,,random,SparseVLM-Original-64 is wrong and Ours-64 is correct in a non-failure-mining benchmark case.,Candidate for manual Stage 7 inspection only; not a prevalence claim and not causal proof.
266,GQA_00223209,gqa,00223209,2360994,/kaggle/input/datasets/tvtttv/gqa-thesis/GQA/images/2360994.jpg,data/kaggle_datasets/GQA/images/2360994.jpg,The hair is of what color?,blond,Blond,Black,Blond,Blond,True,True,True,True,ours_and_threshold_recovery,attr,query,directWhich,,SparseVLM-Original-64 is wrong and Ours-64 is correct in a non-failure-mining benchmark case.,Candidate for manual Stage 7 inspection only; not a prevalence claim and not causal proof.
267,GQA_01106981,gqa,01106981,2356598,/kaggle/input/datasets/tvtttv/gqa-thesis/GQA/images/2356598.jpg,data/kaggle_datasets/GQA/images/2356598.jpg,"In which part of the photo is the man, the top or the bottom?",top,Top,Bottom,Top,Top,True,True,True,True,ours_and_threshold_recovery,attr,choose,positionChoose,,SparseVLM-Original-64 is wrong and Ours-64 is correct in a non-failure-mining benchmark case.,Candidate for manual Stage 7 inspection only; not a prevalence claim and not causal proof.
268,GQA_02333675,gqa,02333675,1925,/kaggle/input/datasets/tvtttv/gqa-thesis/GQA/images/1925.jpg,data/kaggle_datasets/GQA/images/1925.jpg,Is the sky cloudy and white?,yes,Yes,No,Yes,Yes,True,True,True,True,ours_and_threshold_recovery,attr,logical,verifyAttrs,,SparseVLM-Original-64 is wrong and Ours-64 is correct in a non-failure-mining benchmark case.,Candidate for manual Stage 7 inspection only; not a prevalence claim and not causal proof.
269,GQA_03193282,gqa,03193282,2361610,/kaggle/input/datasets/tvtttv/gqa-thesis/GQA/images/2361610.jpg,data/kaggle_datasets/GQA/images/2361610.jpg,"In which part of the photo is the skateboard, the top or the bottom?",bottom,Bottom,Top,Bottom,Bottom,True,True,True,True,ours_and_threshold_recovery,attr,choose,positionChoose,,SparseVLM-Original-64 is wrong and Ours-64 is correct in a non-failure-mining benchmark case.,Candidate for manual Stage 7 inspection only; not a prevalence claim and not causal proof.
270,GQA_04800740,gqa,04800740,2366663,/kaggle/input/datasets/tvtttv/gqa-thesis/GQA/images/2366663.jpg,data/kaggle_datasets/GQA/images/2366663.jpg,Who is wearing shorts?,girl,Girl,Man,Girl,Girl,True,True,True,True,ours_and_threshold_recovery,rel,query,relS,,SparseVLM-Original-64 is wrong and Ours-64 is correct in a non-failure-mining benchmark case.,Candidate for manual Stage 7 inspection only; not a prevalence claim and not causal proof.
271,GQA_10595216,gqa,10595216,2404396,/kaggle/input/datasets/tvtttv/gqa-thesis/GQA/images/2404396.jpg,data/kaggle_datasets/GQA/images/2404396.jpg,The grass is where?,yard,Yard,Ground,Yard,Yard,True,True,True,True,ours_and_threshold_recovery,rel,query,relO,,SparseVLM-Original-64 is wrong and Ours-64 is correct in a non-failure-mining benchmark case.,Candidate for manual Stage 7 inspection only; not a prevalence claim and not causal proof.
272,GQA_13831934,gqa,13831934,2355250,/kaggle/input/datasets/tvtttv/gqa-thesis/GQA/images/2355250.jpg,data/kaggle_datasets/GQA/images/2355250.jpg,Is the fence to the right or to the left of the giraffe in the zoo?,right,Right,Left,Right,Right,True,True,True,True,ours_and_threshold_recovery,rel,choose,relChooser,,SparseVLM-Original-64 is wrong and Ours-64 is correct in a non-failure-mining benchmark case.,Candidate for manual Stage 7 inspection only; not a prevalence claim and not causal proof.
273,GQA_15163893,gqa,15163893,2395309,/kaggle/input/datasets/tvtttv/gqa-thesis/GQA/images/2395309.jpg,data/kaggle_datasets/GQA/images/2395309.jpg,Is the woman to the right of the utensil holding wine?,no,No,Yes,No,No,True,True,True,True,ours_and_threshold_recovery,rel,verify,relVerifyCo,,SparseVLM-Original-64 is wrong and Ours-64 is correct in a non-failure-mining benchmark case.,Candidate for manual Stage 7 inspection only; not a prevalence claim and not causal proof.
274,GQA_15884411,gqa,15884411,2386425,/kaggle/input/datasets/tvtttv/gqa-thesis/GQA/images/2386425.jpg,data/kaggle_datasets/GQA/images/2386425.jpg,What is the vehicle that is on the street?,bus,Bus,Car,Bus,Bus,True,True,True,True,ours_and_threshold_recovery,rel,query,categoryRelS,,SparseVLM-Original-64 is wrong and Ours-64 is correct in a non-failure-mining benchmark case.,Candidate for manual Stage 7 inspection only; not a prevalence claim and not causal proof.
275,GQA_17836627,gqa,17836627,2391143,/kaggle/input/datasets/tvtttv/gqa-thesis/GQA/images/2391143.jpg,data/kaggle_datasets/GQA/images/2391143.jpg,On which side of the picture are the curtains?,right,Right,Left,Right,Right,True,True,True,True,ours_and_threshold_recovery,attr,query,positionQuery,,SparseVLM-Original-64 is wrong and Ours-64 is correct in a non-failure-mining benchmark case.,Candidate for manual Stage 7 inspection only; not a prevalence claim and not causal proof.
276,GQA_17891088,gqa,17891088,2403109,/kaggle/input/datasets/tvtttv/gqa-thesis/GQA/images/2403109.jpg,data/kaggle_datasets/GQA/images/2403109.jpg,What is the device on the shelf?,laptop,Laptop,Computer,Laptop,Laptop,True,True,True,True,ours_and_threshold_recovery,rel,query,categoryRelS,,SparseVLM-Original-64 is wrong and Ours-64 is correct in a non-failure-mining benchmark case.,Candidate for manual Stage 7 inspection only; not a prevalence claim and not causal proof.
277,GQA_181031828,gqa,181031828,2323054,/kaggle/input/datasets/tvtttv/gqa-thesis/GQA/images/2323054.jpg,data/kaggle_datasets/GQA/images/2323054.jpg,On which side of the picture is the chair?,left,Left,Right,Left,Left,True,True,True,True,ours_and_threshold_recovery,attr,query,positionQuery,,SparseVLM-Original-64 is wrong and Ours-64 is correct in a non-failure-mining benchmark case.,Candidate for manual Stage 7 inspection only; not a prevalence claim and not causal proof.
278,GQA_19535561,gqa,19535561,2336202,/kaggle/input/datasets/tvtttv/gqa-thesis/GQA/images/2336202.jpg,data/kaggle_datasets/GQA/images/2336202.jpg,Where is the horse?,beach,Beach,In front,Beach,Beach,True,True,True,True,ours_and_threshold_recovery,rel,query,relO,,SparseVLM-Original-64 is wrong and Ours-64 is correct in a non-failure-mining benchmark case.,Candidate for manual Stage 7 inspection only; not a prevalence claim and not causal proof.
279,POPE_adversarial_473,pope,adversarial_473,COCO_val2014_000000332625.jpg,/kaggle/input/datasets/tvtttv/pope-thesis/POPE/val2014/COCO_val2014_000000332625.jpg,data/kaggle_datasets/POPE/val2014/COCO_val2014_000000332625.jpg,Is there an airplane in the imange?,yes,yes,no,yes,yes,True,True,True,True,ours_and_threshold_recovery,,,,adversarial,SparseVLM-Original-64 is wrong and Ours-64 is correct in a non-failure-mining benchmark case.,Candidate for manual Stage 7 inspection only; not a prevalence claim and not causal proof.
280,POPE_popular_473,pope,popular_473,COCO_val2014_000000332625.jpg,/kaggle/input/datasets/tvtttv/pope-thesis/POPE/val2014/COCO_val2014_000000332625.jpg,data/kaggle_datasets/POPE/val2014/COCO_val2014_000000332625.jpg,Is there an airplane in the imange?,yes,yes,no,yes,yes,True,True,True,True,ours_and_threshold_recovery,,,,popular,SparseVLM-Original-64 is wrong and Ours-64 is correct in a non-failure-mining benchmark case.,Candidate for manual Stage 7 inspection only; not a prevalence claim and not causal proof.
281,GQA_16230219,gqa,16230219,2390071,/kaggle/input/datasets/tvtttv/gqa-thesis/GQA/images/2390071.jpg,data/kaggle_datasets/GQA/images/2390071.jpg,Are the green onions on the left of the picture?,no,No,Yes,No,No,True,True,True,True,ours_and_threshold_recovery,attr,verify,positionVerifyC,,SparseVLM-Original-64 is wrong and Ours-64 is correct in a non-failure-mining benchmark case.,Candidate for manual Stage 7 inspection only; not a prevalence claim and not causal proof.
282,GQA_00576828,gqa,00576828,2405114,/kaggle/input/datasets/tvtttv/gqa-thesis/GQA/images/2405114.jpg,data/kaggle_datasets/GQA/images/2405114.jpg,What kind of fruit is to the left of the drink in the top part of the image?,orange,Orange,Apple,Orange,Orange,True,True,True,True,ours_and_threshold_recovery,rel,query,categoryRelS,,SparseVLM-Original-64 is wrong and Ours-64 is correct in a non-failure-mining benchmark case.,Candidate for manual Stage 7 inspection only; not a prevalence claim and not causal proof.
283,GQA_05898152,gqa,05898152,2373975,/kaggle/input/datasets/tvtttv/gqa-thesis/GQA/images/2373975.jpg,data/kaggle_datasets/GQA/images/2373975.jpg,Does the sky look gray and clear?,no,No,Yes,No,No,True,True,True,True,ours_and_threshold_recovery,attr,logical,verifyAttrsC,,SparseVLM-Original-64 is wrong and Ours-64 is correct in a non-failure-mining benchmark case.,Candidate for manual Stage 7 inspection only; not a prevalence claim and not causal proof.
284,GQA_09759805,gqa,09759805,2340459,/kaggle/input/datasets/tvtttv/gqa-thesis/GQA/images/2340459.jpg,data/kaggle_datasets/GQA/images/2340459.jpg,Which side of the image is the girl on?,right,Right,Left,Right,Right,True,True,True,True,ours_and_threshold_recovery,attr,query,positionQuery,,SparseVLM-Original-64 is wrong and Ours-64 is correct in a non-failure-mining benchmark case.,Candidate for manual Stage 7 inspection only; not a prevalence claim and not causal proof.
285,GQA_10981437,gqa,10981437,2390101,/kaggle/input/datasets/tvtttv/gqa-thesis/GQA/images/2390101.jpg,data/kaggle_datasets/GQA/images/2390101.jpg,On which side is the catcher?,left,Left,Right,Left,Left,True,True,True,True,ours_and_threshold_recovery,attr,query,positionQuery,,SparseVLM-Original-64 is wrong and Ours-64 is correct in a non-failure-mining benchmark case.,Candidate for manual Stage 7 inspection only; not a prevalence claim and not causal proof.
286,GQA_02148815,gqa,02148815,2395042,/kaggle/input/datasets/tvtttv/gqa-thesis/GQA/images/2395042.jpg,data/kaggle_datasets/GQA/images/2395042.jpg,Is the truck to the left or to the right of the vehicle that is parked near the street?,left,Left,Right,Left,Left,True,True,True,True,ours_and_threshold_recovery,rel,choose,relChooser,,SparseVLM-Original-64 is wrong and Ours-64 is correct in a non-failure-mining benchmark case.,Candidate for manual Stage 7 inspection only; not a prevalence claim and not causal proof.
287,GQA_0660580,gqa,0660580,2386438,/kaggle/input/datasets/tvtttv/gqa-thesis/GQA/images/2386438.jpg,data/kaggle_datasets/GQA/images/2386438.jpg,The person to the left of the scissors is sitting on what?,rug,Rug,Floor,Rug,Rug,True,True,True,True,ours_and_threshold_recovery,rel,query,relO,,SparseVLM-Original-64 is wrong and Ours-64 is correct in a non-failure-mining benchmark case.,Candidate for manual Stage 7 inspection only; not a prevalence claim and not causal proof.
288,GQA_08264127,gqa,08264127,2320421,/kaggle/input/datasets/tvtttv/gqa-thesis/GQA/images/2320421.jpg,data/kaggle_datasets/GQA/images/2320421.jpg,Are there both windows and doors in the photo?,yes,Yes,No,Yes,Yes,True,True,True,True,ours_and_threshold_recovery,obj,logical,existAnd,,SparseVLM-Original-64 is wrong and Ours-64 is correct in a non-failure-mining benchmark case.,Candidate for manual Stage 7 inspection only; not a prevalence claim and not causal proof.
289,GQA_18266115,gqa,18266115,2387071,/kaggle/input/datasets/tvtttv/gqa-thesis/GQA/images/2387071.jpg,data/kaggle_datasets/GQA/images/2387071.jpg,What is the man pushing?,cart,Cart,Shopping cart,Cart,Cart,True,True,True,True,ours_and_threshold_recovery,rel,query,relO,,SparseVLM-Original-64 is wrong and Ours-64 is correct in a non-failure-mining benchmark case.,Candidate for manual Stage 7 inspection only; not a prevalence claim and not causal proof.
290,GQA_05856352,gqa,05856352,2355023,/kaggle/input/datasets/tvtttv/gqa-thesis/GQA/images/2355023.jpg,data/kaggle_datasets/GQA/images/2355023.jpg,Is there a bag to the left of the man that is pushing the luggage?,yes,Yes,No,Yes,Yes,True,True,True,True,ours_and_threshold_recovery,rel,verify,existRelS,,SparseVLM-Original-64 is wrong and Ours-64 is correct in a non-failure-mining benchmark case.,Candidate for manual Stage 7 inspection only; not a prevalence claim and not causal proof.
291,GQA_06792703,gqa,06792703,2404878,/kaggle/input/datasets/tvtttv/gqa-thesis/GQA/images/2404878.jpg,data/kaggle_datasets/GQA/images/2404878.jpg,Who is in front of the sink?,boy,Boy,Man,Boy,Boy,True,True,True,True,ours_and_threshold_recovery,rel,query,relS,,SparseVLM-Original-64 is wrong and Ours-64 is correct in a non-failure-mining benchmark case.,Candidate for manual Stage 7 inspection only; not a prevalence claim and not causal proof.
292,GQA_16405118,gqa,16405118,107905,/kaggle/input/datasets/tvtttv/gqa-thesis/GQA/images/107905.jpg,data/kaggle_datasets/GQA/images/107905.jpg,Does the table that is not big look black and round?,yes,Yes,No,Yes,Yes,True,True,True,True,ours_and_threshold_recovery,attr,logical,verifyAttrs,,SparseVLM-Original-64 is wrong and Ours-64 is correct in a non-failure-mining benchmark case.,Candidate for manual Stage 7 inspection only; not a prevalence claim and not causal proof.
293,GQA_00293553,gqa,00293553,2396226,/kaggle/input/datasets/tvtttv/gqa-thesis/GQA/images/2396226.jpg,data/kaggle_datasets/GQA/images/2396226.jpg,How big is the camera?,large,Large,Small,Large,Large,True,True,True,True,ours_and_threshold_recovery,attr,query,how,,SparseVLM-Original-64 is wrong and Ours-64 is correct in a non-failure-mining benchmark case.,Candidate for manual Stage 7 inspection only; not a prevalence claim and not causal proof.
294,GQA_00314249,gqa,00314249,2357167,/kaggle/input/datasets/tvtttv/gqa-thesis/GQA/images/2357167.jpg,data/kaggle_datasets/GQA/images/2357167.jpg,What is the stop sign in front of?,bridge,Bridge,Building,Bridge,Bridge,True,True,True,True,ours_and_threshold_recovery,rel,query,relO,,SparseVLM-Original-64 is wrong and Ours-64 is correct in a non-failure-mining benchmark case.,Candidate for manual Stage 7 inspection only; not a prevalence claim and not causal proof.
295,GQA_02333625,gqa,02333625,1925,/kaggle/input/datasets/tvtttv/gqa-thesis/GQA/images/1925.jpg,data/kaggle_datasets/GQA/images/1925.jpg,Do you see any wet grass or sand?,yes,Yes,No,Yes,Yes,True,True,True,True,ours_and_threshold_recovery,obj,logical,existAttrOr,,SparseVLM-Original-64 is wrong and Ours-64 is correct in a non-failure-mining benchmark case.,Candidate for manual Stage 7 inspection only; not a prevalence claim and not causal proof.
296,GQA_03509861,gqa,03509861,2337339,/kaggle/input/datasets/tvtttv/gqa-thesis/GQA/images/2337339.jpg,data/kaggle_datasets/GQA/images/2337339.jpg,What is the vegetable that is to the right of the meat in the top part?,broccoli,Broccoli,Carrot,Broccoli,Broccoli,True,True,True,True,ours_and_threshold_recovery,rel,query,categoryRelS,,SparseVLM-Original-64 is wrong and Ours-64 is correct in a non-failure-mining benchmark case.,Candidate for manual Stage 7 inspection only; not a prevalence claim and not causal proof.
297,GQA_06314509,gqa,06314509,2371628,/kaggle/input/datasets/tvtttv/gqa-thesis/GQA/images/2371628.jpg,data/kaggle_datasets/GQA/images/2371628.jpg,What is the animal to the left of the goat that is of the fence?,horse,Horse,Cow,Horse,Horse,True,True,True,True,ours_and_threshold_recovery,rel,query,categoryRelS,,SparseVLM-Original-64 is wrong and Ours-64 is correct in a non-failure-mining benchmark case.,Candidate for manual Stage 7 inspection only; not a prevalence claim and not causal proof.
298,GQA_06412953,gqa,06412953,2397559,/kaggle/input/datasets/tvtttv/gqa-thesis/GQA/images/2397559.jpg,data/kaggle_datasets/GQA/images/2397559.jpg,Is the house on the left side?,yes,Yes,No,Yes,Yes,True,True,True,True,ours_and_threshold_recovery,attr,verify,positionVerify,,SparseVLM-Original-64 is wrong and Ours-64 is correct in a non-failure-mining benchmark case.,Candidate for manual Stage 7 inspection only; not a prevalence claim and not causal proof.
299,GQA_0660327,gqa,0660327,2386438,/kaggle/input/datasets/tvtttv/gqa-thesis/GQA/images/2386438.jpg,data/kaggle_datasets/GQA/images/2386438.jpg,Are there any strollers next to the kneeling person that is cutting the paper?,yes,Yes,No,Yes,Yes,True,True,True,True,ours_and_threshold_recovery,rel,verify,existRelS,,SparseVLM-Original-64 is wrong and Ours-64 is correct in a non-failure-mining benchmark case.,Candidate for manual Stage 7 inspection only; not a prevalence claim and not causal proof.
300,GQA_06975446,gqa,06975446,2392185,/kaggle/input/datasets/tvtttv/gqa-thesis/GQA/images/2392185.jpg,data/kaggle_datasets/GQA/images/2392185.jpg,Are there blue bikes in the image?,yes,Yes,No,Yes,Yes,True,True,True,True,ours_and_threshold_recovery,obj,verify,existAttr,,SparseVLM-Original-64 is wrong and Ours-64 is correct in a non-failure-mining benchmark case.,Candidate for manual Stage 7 inspection only; not a prevalence claim and not causal proof.
301,GQA_08858587,gqa,08858587,2384518,/kaggle/input/datasets/tvtttv/gqa-thesis/GQA/images/2384518.jpg,data/kaggle_datasets/GQA/images/2384518.jpg,What is the fork made of?,plastic,Plastic,Metal,Plastic,Plastic,True,True,True,True,ours_and_threshold_recovery,attr,query,material,,SparseVLM-Original-64 is wrong and Ours-64 is correct in a non-failure-mining benchmark case.,Candidate for manual Stage 7 inspection only; not a prevalence claim and not causal proof.
302,GQA_12378118,gqa,12378118,2416354,/kaggle/input/datasets/tvtttv/gqa-thesis/GQA/images/2416354.jpg,data/kaggle_datasets/GQA/images/2416354.jpg,What appliance is shown in the photo?,dishwasher,Dishwasher,Coffee maker,Dishwasher,Dishwasher,True,True,True,True,ours_and_threshold_recovery,cat,query,category,,SparseVLM-Original-64 is wrong and Ours-64 is correct in a non-failure-mining benchmark case.,Candidate for manual Stage 7 inspection only; not a prevalence claim and not causal proof.
303,GQA_12771158,gqa,12771158,2316106,/kaggle/input/datasets/tvtttv/gqa-thesis/GQA/images/2316106.jpg,data/kaggle_datasets/GQA/images/2316106.jpg,Is the black stove to the left or to the right of the bottle that is in front of the power outlet?,left,Left,Right,Left,Left,True,True,True,True,ours_and_threshold_recovery,rel,choose,relChooser,,SparseVLM-Original-64 is wrong and Ours-64 is correct in a non-failure-mining benchmark case.,Candidate for manual Stage 7 inspection only; not a prevalence claim and not causal proof.
304,GQA_151018229,gqa,151018229,2375868,/kaggle/input/datasets/tvtttv/gqa-thesis/GQA/images/2375868.jpg,data/kaggle_datasets/GQA/images/2375868.jpg,On which side of the picture is the car?,right,Right,Left,Right,Right,True,True,True,True,ours_and_threshold_recovery,attr,query,positionQuery,,SparseVLM-Original-64 is wrong and Ours-64 is correct in a non-failure-mining benchmark case.,Candidate for manual Stage 7 inspection only; not a prevalence claim and not causal proof.
305,GQA_17860928,gqa,17860928,2386254,/kaggle/input/datasets/tvtttv/gqa-thesis/GQA/images/2386254.jpg,data/kaggle_datasets/GQA/images/2386254.jpg,What is the cat on?,bench,Bench,Ground,Bench,Bench,True,True,True,True,ours_and_threshold_recovery,rel,query,relO,,SparseVLM-Original-64 is wrong and Ours-64 is correct in a non-failure-mining benchmark case.,Candidate for manual Stage 7 inspection only; not a prevalence claim and not causal proof.
306,GQA_19466900,gqa,19466900,2409285,/kaggle/input/datasets/tvtttv/gqa-thesis/GQA/images/2409285.jpg,data/kaggle_datasets/GQA/images/2409285.jpg,Does the paper container have white color?,yes,Yes,No,Yes,Yes,True,True,True,True,ours_and_threshold_recovery,attr,verify,verifyAttrK,,SparseVLM-Original-64 is wrong and Ours-64 is correct in a non-failure-mining benchmark case.,Candidate for manual Stage 7 inspection only; not a prevalence claim and not causal proof.
307,POPE_adversarial_177,pope,adversarial_177,COCO_val2014_000000288639.jpg,/kaggle/input/datasets/tvtttv/pope-thesis/POPE/val2014/COCO_val2014_000000288639.jpg,data/kaggle_datasets/POPE/val2014/COCO_val2014_000000288639.jpg,Is there a toothbrush in the image?,yes,yes,no,yes,yes,True,True,True,True,ours_and_threshold_recovery,,,,adversarial,SparseVLM-Original-64 is wrong and Ours-64 is correct in a non-failure-mining benchmark case.,Candidate for manual Stage 7 inspection only; not a prevalence claim and not causal proof.
308,POPE_adversarial_329,pope,adversarial_329,COCO_val2014_000000236865.jpg,/kaggle/input/datasets/tvtttv/pope-thesis/POPE/val2014/COCO_val2014_000000236865.jpg,data/kaggle_datasets/POPE/val2014/COCO_val2014_000000236865.jpg,Is there a car in the image?,yes,yes,no,yes,yes,True,True,True,True,ours_and_threshold_recovery,,,,adversarial,SparseVLM-Original-64 is wrong and Ours-64 is correct in a non-failure-mining benchmark case.,Candidate for manual Stage 7 inspection only; not a prevalence claim and not causal proof.
309,POPE_adversarial_438,pope,adversarial_438,COCO_val2014_000000564336.jpg,/kaggle/input/datasets/tvtttv/pope-thesis/POPE/val2014/COCO_val2014_000000564336.jpg,data/kaggle_datasets/POPE/val2014/COCO_val2014_000000564336.jpg,Is there a tv in the image?,no,no,yes,no,no,True,True,True,True,ours_and_threshold_recovery,,,,adversarial,SparseVLM-Original-64 is wrong and Ours-64 is correct in a non-failure-mining benchmark case.,Candidate for manual Stage 7 inspection only; not a prevalence claim and not causal proof.
310,POPE_popular_177,pope,popular_177,COCO_val2014_000000288639.jpg,/kaggle/input/datasets/tvtttv/pope-thesis/POPE/val2014/COCO_val2014_000000288639.jpg,data/kaggle_datasets/POPE/val2014/COCO_val2014_000000288639.jpg,Is there a toothbrush in the image?,yes,yes,no,yes,yes,True,True,True,True,ours_and_threshold_recovery,,,,popular,SparseVLM-Original-64 is wrong and Ours-64 is correct in a non-failure-mining benchmark case.,Candidate for manual Stage 7 inspection only; not a prevalence claim and not causal proof.
311,POPE_popular_329,pope,popular_329,COCO_val2014_000000236865.jpg,/kaggle/input/datasets/tvtttv/pope-thesis/POPE/val2014/COCO_val2014_000000236865.jpg,data/kaggle_datasets/POPE/val2014/COCO_val2014_000000236865.jpg,Is there a car in the image?,yes,yes,no,yes,yes,True,True,True,True,ours_and_threshold_recovery,,,,popular,SparseVLM-Original-64 is wrong and Ours-64 is correct in a non-failure-mining benchmark case.,Candidate for manual Stage 7 inspection only; not a prevalence claim and not causal proof.
312,POPE_random_168,pope,random_168,COCO_val2014_000000288639.jpg,/kaggle/input/datasets/tvtttv/pope-thesis/POPE/val2014/COCO_val2014_000000288639.jpg,data/kaggle_datasets/POPE/val2014/COCO_val2014_000000288639.jpg,Is there a toothbrush in the image?,yes,yes,no,yes,yes,True,True,True,True,ours_and_threshold_recovery,,,,random,SparseVLM-Original-64 is wrong and Ours-64 is correct in a non-failure-mining benchmark case.,Candidate for manual Stage 7 inspection only; not a prevalence claim and not causal proof.
313,POPE_random_314,pope,random_314,COCO_val2014_000000236865.jpg,/kaggle/input/datasets/tvtttv/pope-thesis/POPE/val2014/COCO_val2014_000000236865.jpg,data/kaggle_datasets/POPE/val2014/COCO_val2014_000000236865.jpg,Is there a car in the image?,yes,yes,no,yes,yes,True,True,True,True,ours_and_threshold_recovery,,,,random,SparseVLM-Original-64 is wrong and Ours-64 is correct in a non-failure-mining benchmark case.,Candidate for manual Stage 7 inspection only; not a prevalence claim and not causal proof.
314,GQA_03974231,gqa,03974231,2371457,/kaggle/input/datasets/tvtttv/gqa-thesis/GQA/images/2371457.jpg,data/kaggle_datasets/GQA/images/2371457.jpg,What is the person to the right of the truck wearing?,vest,Vest,Shirt,Vest,Vest,True,True,True,True,ours_and_threshold_recovery,rel,query,relO,,SparseVLM-Original-64 is wrong and Ours-64 is correct in a non-failure-mining benchmark case.,Candidate for manual Stage 7 inspection only; not a prevalence claim and not causal proof.
315,GQA_06716432,gqa,06716432,2362368,/kaggle/input/datasets/tvtttv/gqa-thesis/GQA/images/2362368.jpg,data/kaggle_datasets/GQA/images/2362368.jpg,What does the man look at?,laptop,Laptop,Computer,Laptop,Laptop,True,True,True,True,ours_and_threshold_recovery,rel,query,relO,,SparseVLM-Original-64 is wrong and Ours-64 is correct in a non-failure-mining benchmark case.,Candidate for manual Stage 7 inspection only; not a prevalence claim and not causal proof.
316,GQA_0766542,gqa,0766542,497942,/kaggle/input/datasets/tvtttv/gqa-thesis/GQA/images/497942.jpg,data/kaggle_datasets/GQA/images/497942.jpg,Do you see any cars or fences?,yes,Yes,No,Yes,Yes,True,True,True,True,ours_and_threshold_recovery,obj,logical,existOr,,SparseVLM-Original-64 is wrong and Ours-64 is correct in a non-failure-mining benchmark case.,Candidate for manual Stage 7 inspection only; not a prevalence claim and not causal proof.
317,GQA_10144613,gqa,10144613,2399206,/kaggle/input/datasets/tvtttv/gqa-thesis/GQA/images/2399206.jpg,data/kaggle_datasets/GQA/images/2399206.jpg,Is the person beside the ladder holding a suitcase?,yes,Yes,No,Yes,Yes,True,True,True,True,ours_and_threshold_recovery,rel,verify,relVerify,,SparseVLM-Original-64 is wrong and Ours-64 is correct in a non-failure-mining benchmark case.,Candidate for manual Stage 7 inspection only; not a prevalence claim and not causal proof.
318,GQA_13696840,gqa,13696840,2321676,/kaggle/input/datasets/tvtttv/gqa-thesis/GQA/images/2321676.jpg,data/kaggle_datasets/GQA/images/2321676.jpg,On which side is the garbage bin?,right,Right,Left,Right,Right,True,True,True,True,ours_and_threshold_recovery,attr,query,positionQuery,,SparseVLM-Original-64 is wrong and Ours-64 is correct in a non-failure-mining benchmark case.,Candidate for manual Stage 7 inspection only; not a prevalence claim and not causal proof.
319,GQA_14305066,gqa,14305066,2387037,/kaggle/input/datasets/tvtttv/gqa-thesis/GQA/images/2387037.jpg,data/kaggle_datasets/GQA/images/2387037.jpg,On which side of the picture is the bun?,right,Right,Left,Right,Right,True,True,True,True,ours_and_threshold_recovery,attr,query,positionQuery,,SparseVLM-Original-64 is wrong and Ours-64 is correct in a non-failure-mining benchmark case.,Candidate for manual Stage 7 inspection only; not a prevalence claim and not causal proof.
320,GQA_18664609,gqa,18664609,2387077,/kaggle/input/datasets/tvtttv/gqa-thesis/GQA/images/2387077.jpg,data/kaggle_datasets/GQA/images/2387077.jpg,Does the hat have the same color as the jacket?,yes,Yes,No,Yes,Yes,True,True,True,True,ours_and_threshold_recovery,attr,compare,twoSame,,SparseVLM-Original-64 is wrong and Ours-64 is correct in a non-failure-mining benchmark case.,Candidate for manual Stage 7 inspection only; not a prevalence claim and not causal proof.
321,GQA_18934634,gqa,18934634,2410613,/kaggle/input/datasets/tvtttv/gqa-thesis/GQA/images/2410613.jpg,data/kaggle_datasets/GQA/images/2410613.jpg,Does the kite above the person look rainbow colored and low?,no,No,Yes,No,No,True,True,True,True,ours_and_threshold_recovery,attr,logical,verifyAttrsC,,SparseVLM-Original-64 is wrong and Ours-64 is correct in a non-failure-mining benchmark case.,Candidate for manual Stage 7 inspection only; not a prevalence claim and not causal proof.
322,GQA_08965653,gqa,08965653,2416035,/kaggle/input/datasets/tvtttv/gqa-thesis/GQA/images/2416035.jpg,data/kaggle_datasets/GQA/images/2416035.jpg,What fruits are to the left of the box in the middle of the photo?,oranges,Oranges,Apples,Oranges,Oranges,True,True,True,True,ours_and_threshold_recovery,rel,query,categoryRelS,,SparseVLM-Original-64 is wrong and Ours-64 is correct in a non-failure-mining benchmark case.,Candidate for manual Stage 7 inspection only; not a prevalence claim and not causal proof.
323,GQA_14635251,gqa,14635251,2351699,/kaggle/input/datasets/tvtttv/gqa-thesis/GQA/images/2351699.jpg,data/kaggle_datasets/GQA/images/2351699.jpg,Is the rug on the left side?,no,No,Yes,No,No,True,True,True,True,ours_and_threshold_recovery,attr,verify,positionVerifyC,,SparseVLM-Original-64 is wrong and Ours-64 is correct in a non-failure-mining benchmark case.,Candidate for manual Stage 7 inspection only; not a prevalence claim and not causal proof.
324,GQA_07257519,gqa,07257519,2372538,/kaggle/input/datasets/tvtttv/gqa-thesis/GQA/images/2372538.jpg,data/kaggle_datasets/GQA/images/2372538.jpg,On which side of the picture is the traffic signal?,right,Right,Left,Right,Right,True,True,True,True,ours_and_threshold_recovery,attr,query,positionQuery,,SparseVLM-Original-64 is wrong and Ours-64 is correct in a non-failure-mining benchmark case.,Candidate for manual Stage 7 inspection only; not a prevalence claim and not causal proof.
325,GQA_08197176,gqa,08197176,2384012,/kaggle/input/datasets/tvtttv/gqa-thesis/GQA/images/2384012.jpg,data/kaggle_datasets/GQA/images/2384012.jpg,What color is the jacket that the man wears?,red,Red,Black,Red,Red,True,True,True,True,ours_and_threshold_recovery,attr,query,directWhich,,SparseVLM-Original-64 is wrong and Ours-64 is correct in a non-failure-mining benchmark case.,Candidate for manual Stage 7 inspection only; not a prevalence claim and not causal proof.
326,GQA_08291229,gqa,08291229,2317680,/kaggle/input/datasets/tvtttv/gqa-thesis/GQA/images/2317680.jpg,data/kaggle_datasets/GQA/images/2317680.jpg,What device is black?,cell phone,Cell phone,Phone,Cell phone,Cell phone,True,True,True,True,ours_and_threshold_recovery,cat,query,categoryThat,,SparseVLM-Original-64 is wrong and Ours-64 is correct in a non-failure-mining benchmark case.,Candidate for manual Stage 7 inspection only; not a prevalence claim and not causal proof.
327,GQA_10150874,gqa,10150874,2412502,/kaggle/input/datasets/tvtttv/gqa-thesis/GQA/images/2412502.jpg,data/kaggle_datasets/GQA/images/2412502.jpg,Is the girl to the right or to the left of the window curtain?,left,Left,Right,Left,Left,True,True,True,True,ours_and_threshold_recovery,rel,choose,relChooser,,SparseVLM-Original-64 is wrong and Ours-64 is correct in a non-failure-mining benchmark case.,Candidate for manual Stage 7 inspection only; not a prevalence claim and not causal proof.
328,GQA_10225707,gqa,10225707,2395229,/kaggle/input/datasets/tvtttv/gqa-thesis/GQA/images/2395229.jpg,data/kaggle_datasets/GQA/images/2395229.jpg,Do you see any men or children there?,yes,Yes,No,Yes,Yes,True,True,True,True,ours_and_threshold_recovery,obj,logical,existOr,,SparseVLM-Original-64 is wrong and Ours-64 is correct in a non-failure-mining benchmark case.,Candidate for manual Stage 7 inspection only; not a prevalence claim and not causal proof.
329,GQA_11821300,gqa,11821300,2401576,/kaggle/input/datasets/tvtttv/gqa-thesis/GQA/images/2401576.jpg,data/kaggle_datasets/GQA/images/2401576.jpg,What is the device that is on top of the desk?,computer,Computer,Laptop,Computer,Computer,True,True,True,True,ours_and_threshold_recovery,rel,query,categoryRelS,,SparseVLM-Original-64 is wrong and Ours-64 is correct in a non-failure-mining benchmark case.,Candidate for manual Stage 7 inspection only; not a prevalence claim and not causal proof.
330,POPE_popular_136,pope,popular_136,COCO_val2014_000000516916.jpg,/kaggle/input/datasets/tvtttv/pope-thesis/POPE/val2014/COCO_val2014_000000516916.jpg,data/kaggle_datasets/POPE/val2014/COCO_val2014_000000516916.jpg,Is there a car in the image?,no,no,yes,no,no,True,True,True,True,ours_and_threshold_recovery,,,,popular,SparseVLM-Original-64 is wrong and Ours-64 is correct in a non-failure-mining benchmark case.,Candidate for manual Stage 7 inspection only; not a prevalence claim and not causal proof.
331,GQA_03454008,gqa,03454008,2345474,/kaggle/input/datasets/tvtttv/gqa-thesis/GQA/images/2345474.jpg,data/kaggle_datasets/GQA/images/2345474.jpg,The window is what color?,white,White,Black,White,White,True,True,True,True,ours_and_threshold_recovery,attr,query,directOf,,SparseVLM-Original-64 is wrong and Ours-64 is correct in a non-failure-mining benchmark case.,Candidate for manual Stage 7 inspection only; not a prevalence claim and not causal proof.
332,GQA_08460587,gqa,08460587,2386511,/kaggle/input/datasets/tvtttv/gqa-thesis/GQA/images/2386511.jpg,data/kaggle_datasets/GQA/images/2386511.jpg,Which color is the lamp to the right of the crate?,blue,Blue,White,Blue,Blue,True,True,True,True,ours_and_threshold_recovery,attr,query,directWhich,,SparseVLM-Original-64 is wrong and Ours-64 is correct in a non-failure-mining benchmark case.,Candidate for manual Stage 7 inspection only; not a prevalence claim and not causal proof.
333,GQA_0857298,gqa,0857298,2407372,/kaggle/input/datasets/tvtttv/gqa-thesis/GQA/images/2407372.jpg,data/kaggle_datasets/GQA/images/2407372.jpg,Is the woman's hair brown and long?,yes,Yes,No,Yes,Yes,True,True,True,True,ours_and_threshold_recovery,attr,logical,verifyAttrs,,SparseVLM-Original-64 is wrong and Ours-64 is correct in a non-failure-mining benchmark case.,Candidate for manual Stage 7 inspection only; not a prevalence claim and not causal proof.
334,GQA_04157864,gqa,04157864,498397,/kaggle/input/datasets/tvtttv/gqa-thesis/GQA/images/498397.jpg,data/kaggle_datasets/GQA/images/498397.jpg,What does the man to the right of the laptop sit on?,chair,Chair,Table,Chair,Chair,True,True,True,True,ours_and_threshold_recovery,rel,query,relO,,SparseVLM-Original-64 is wrong and Ours-64 is correct in a non-failure-mining benchmark case.,Candidate for manual Stage 7 inspection only; not a prevalence claim and not causal proof.
335,GQA_06587848,gqa,06587848,28,/kaggle/input/datasets/tvtttv/gqa-thesis/GQA/images/28.jpg,data/kaggle_datasets/GQA/images/28.jpg,What kind of furniture is left of the side table?,couch,Couch,Sofa,Couch,Couch,True,True,True,True,ours_and_threshold_recovery,rel,query,categoryRelS,,SparseVLM-Original-64 is wrong and Ours-64 is correct in a non-failure-mining benchmark case.,Candidate for manual Stage 7 inspection only; not a prevalence claim and not causal proof.
336,GQA_14775003,gqa,14775003,2403595,/kaggle/input/datasets/tvtttv/gqa-thesis/GQA/images/2403595.jpg,data/kaggle_datasets/GQA/images/2403595.jpg,Are there any blue blankets or pillows?,no,No,Yes,No,No,True,True,True,True,ours_and_threshold_recovery,obj,logical,existAttrOrC,,SparseVLM-Original-64 is wrong and Ours-64 is correct in a non-failure-mining benchmark case.,Candidate for manual Stage 7 inspection only; not a prevalence claim and not causal proof.
337,GQA_14785517,gqa,14785517,2370590,/kaggle/input/datasets/tvtttv/gqa-thesis/GQA/images/2370590.jpg,data/kaggle_datasets/GQA/images/2370590.jpg,Do you see a lamp to the left of the tower which is in front of the tree?,yes,Yes,No,Yes,Yes,True,True,True,True,ours_and_threshold_recovery,rel,verify,existRelS,,SparseVLM-Original-64 is wrong and Ours-64 is correct in a non-failure-mining benchmark case.,Candidate for manual Stage 7 inspection only; not a prevalence claim and not causal proof.
338,GQA_15311108,gqa,15311108,2379186,/kaggle/input/datasets/tvtttv/gqa-thesis/GQA/images/2379186.jpg,data/kaggle_datasets/GQA/images/2379186.jpg,On which side is the shelf?,right,Right,Left,Right,Right,True,True,True,True,ours_and_threshold_recovery,attr,query,positionQuery,,SparseVLM-Original-64 is wrong and Ours-64 is correct in a non-failure-mining benchmark case.,Candidate for manual Stage 7 inspection only; not a prevalence claim and not causal proof.
339,GQA_16551323,gqa,16551323,2361064,/kaggle/input/datasets/tvtttv/gqa-thesis/GQA/images/2361064.jpg,data/kaggle_datasets/GQA/images/2361064.jpg,Who catches the ball in the top of the picture?,boy,Boy,Catcher,Boy,Boy,True,True,True,True,ours_and_threshold_recovery,rel,query,relS,,SparseVLM-Original-64 is wrong and Ours-64 is correct in a non-failure-mining benchmark case.,Candidate for manual Stage 7 inspection only; not a prevalence claim and not causal proof.
340,GQA_021049477,gqa,021049477,2394610,/kaggle/input/datasets/tvtttv/gqa-thesis/GQA/images/2394610.jpg,data/kaggle_datasets/GQA/images/2394610.jpg,Who is on the bridge?,people,People,No one,People,People,True,True,True,True,ours_and_threshold_recovery,rel,query,relS,,SparseVLM-Original-64 is wrong and Ours-64 is correct in a non-failure-mining benchmark case.,Candidate for manual Stage 7 inspection only; not a prevalence claim and not causal proof.
341,GQA_06689249,gqa,06689249,2343326,/kaggle/input/datasets/tvtttv/gqa-thesis/GQA/images/2343326.jpg,data/kaggle_datasets/GQA/images/2343326.jpg,Is the shirt black or red?,red,Red,Black,Red,Red,True,True,True,True,ours_and_threshold_recovery,attr,choose,chooseAttr,,SparseVLM-Original-64 is wrong and Ours-64 is correct in a non-failure-mining benchmark case.,Candidate for manual Stage 7 inspection only; not a prevalence claim and not causal proof.
342,GQA_07820091,gqa,07820091,2410853,/kaggle/input/datasets/tvtttv/gqa-thesis/GQA/images/2410853.jpg,data/kaggle_datasets/GQA/images/2410853.jpg,What is the color of the shoe?,pink,Pink,Gray,Pink,Pink,True,True,True,True,ours_and_threshold_recovery,attr,query,directOf,,SparseVLM-Original-64 is wrong and Ours-64 is correct in a non-failure-mining benchmark case.,Candidate for manual Stage 7 inspection only; not a prevalence claim and not causal proof.
343,GQA_13610569,gqa,13610569,2398612,/kaggle/input/datasets/tvtttv/gqa-thesis/GQA/images/2398612.jpg,data/kaggle_datasets/GQA/images/2398612.jpg,What is the dog in?,suitcase,Suitcase,Box,Suitcase,Suitcase,True,True,True,True,ours_and_threshold_recovery,rel,query,relO,,SparseVLM-Original-64 is wrong and Ours-64 is correct in a non-failure-mining benchmark case.,Candidate for manual Stage 7 inspection only; not a prevalence claim and not causal proof.
344,GQA_11311101,gqa,11311101,713230,/kaggle/input/datasets/tvtttv/gqa-thesis/GQA/images/713230.jpg,data/kaggle_datasets/GQA/images/713230.jpg,Is the candle in the top or in the bottom part?,bottom,Bottom,Top,Bottom,Bottom,True,True,True,True,ours_and_threshold_recovery,attr,choose,positionChoose,,SparseVLM-Original-64 is wrong and Ours-64 is correct in a non-failure-mining benchmark case.,Candidate for manual Stage 7 inspection only; not a prevalence claim and not causal proof.
345,GQA_04745713,gqa,04745713,2325899,/kaggle/input/datasets/tvtttv/gqa-thesis/GQA/images/2325899.jpg,data/kaggle_datasets/GQA/images/2325899.jpg,Are there either black rackets or baseball bats?,no,No,Yes,No,No,True,True,True,True,ours_and_threshold_recovery,obj,logical,existAttrOrC,,SparseVLM-Original-64 is wrong and Ours-64 is correct in a non-failure-mining benchmark case.,Candidate for manual Stage 7 inspection only; not a prevalence claim and not causal proof.
346,GQA_04822239,gqa,04822239,2344108,/kaggle/input/datasets/tvtttv/gqa-thesis/GQA/images/2344108.jpg,data/kaggle_datasets/GQA/images/2344108.jpg,The meat is on what?,bread,Bread,Cutting board,Bread,Bread,True,True,True,True,ours_and_threshold_recovery,rel,query,relO,,SparseVLM-Original-64 is wrong and Ours-64 is correct in a non-failure-mining benchmark case.,Candidate for manual Stage 7 inspection only; not a prevalence claim and not causal proof.
347,GQA_091039357,gqa,091039357,2386441,/kaggle/input/datasets/tvtttv/gqa-thesis/GQA/images/2386441.jpg,data/kaggle_datasets/GQA/images/2386441.jpg,What animal is on the water?,duck,Duck,Cat,Duck,Duck,True,True,True,True,ours_and_threshold_recovery,rel,query,relS,,SparseVLM-Original-64 is wrong and Ours-64 is correct in a non-failure-mining benchmark case.,Candidate for manual Stage 7 inspection only; not a prevalence claim and not causal proof.
348,GQA_13985701,gqa,13985701,2372812,/kaggle/input/datasets/tvtttv/gqa-thesis/GQA/images/2372812.jpg,data/kaggle_datasets/GQA/images/2372812.jpg,"Which part of the picture are the magazines in, the top or the bottom?",top,Top,Bottom,Top,Top,True,True,True,True,ours_and_threshold_recovery,attr,choose,positionChoose,,SparseVLM-Original-64 is wrong and Ours-64 is correct in a non-failure-mining benchmark case.,Candidate for manual Stage 7 inspection only; not a prevalence claim and not causal proof.
349,GQA_19225529,gqa,19225529,2342134,/kaggle/input/datasets/tvtttv/gqa-thesis/GQA/images/2342134.jpg,data/kaggle_datasets/GQA/images/2342134.jpg,What appliance is to the right of the open drawer?,refrigerator,Refrigerator,Stove,Refrigerator,Refrigerator,True,True,True,True,ours_and_threshold_recovery,rel,query,categoryRelS,,SparseVLM-Original-64 is wrong and Ours-64 is correct in a non-failure-mining benchmark case.,Candidate for manual Stage 7 inspection only; not a prevalence claim and not causal proof.
350,GQA_19610109,gqa,19610109,2346093,/kaggle/input/datasets/tvtttv/gqa-thesis/GQA/images/2346093.jpg,data/kaggle_datasets/GQA/images/2346093.jpg,Which side of the picture is the man on?,left,Left,Right,Left,Left,True,True,True,True,ours_and_threshold_recovery,attr,query,positionQuery,,SparseVLM-Original-64 is wrong and Ours-64 is correct in a non-failure-mining benchmark case.,Candidate for manual Stage 7 inspection only; not a prevalence claim and not causal proof.
351,GQA_00355951,gqa,00355951,2319473,/kaggle/input/datasets/tvtttv/gqa-thesis/GQA/images/2319473.jpg,data/kaggle_datasets/GQA/images/2319473.jpg,Is the white sheet on the left?,no,No,Yes,No,No,True,True,True,True,ours_and_threshold_recovery,attr,verify,positionVerifyC,,SparseVLM-Original-64 is wrong and Ours-64 is correct in a non-failure-mining benchmark case.,Candidate for manual Stage 7 inspection only; not a prevalence claim and not causal proof.
352,GQA_1524645,gqa,1524645,2347208,/kaggle/input/datasets/tvtttv/gqa-thesis/GQA/images/2347208.jpg,data/kaggle_datasets/GQA/images/2347208.jpg,Is the chair on the right side?,no,No,Yes,No,No,True,True,True,True,ours_and_threshold_recovery,attr,verify,positionVerifyC,,SparseVLM-Original-64 is wrong and Ours-64 is correct in a non-failure-mining benchmark case.,Candidate for manual Stage 7 inspection only; not a prevalence claim and not causal proof.
353,GQA_00942559,gqa,00942559,2368952,/kaggle/input/datasets/tvtttv/gqa-thesis/GQA/images/2368952.jpg,data/kaggle_datasets/GQA/images/2368952.jpg,Who is wearing the shorts?,player,Player,Man,Player,Player,True,True,True,True,ours_and_threshold_recovery,rel,query,relS,,SparseVLM-Original-64 is wrong and Ours-64 is correct in a non-failure-mining benchmark case.,Candidate for manual Stage 7 inspection only; not a prevalence claim and not causal proof.
354,GQA_08863476,gqa,08863476,2337353,/kaggle/input/datasets/tvtttv/gqa-thesis/GQA/images/2337353.jpg,data/kaggle_datasets/GQA/images/2337353.jpg,Does the bag to the left of the other bag look green?,yes,Yes,No,Yes,Yes,True,True,True,True,ours_and_threshold_recovery,attr,verify,verifyAttrK,,SparseVLM-Original-64 is wrong and Ours-64 is correct in a non-failure-mining benchmark case.,Candidate for manual Stage 7 inspection only; not a prevalence claim and not causal proof.
355,GQA_1858652,gqa,1858652,2403469,/kaggle/input/datasets/tvtttv/gqa-thesis/GQA/images/2403469.jpg,data/kaggle_datasets/GQA/images/2403469.jpg,What does the person above the grass wear?,pants,Pants,Shirt,Pants,Pants,True,True,True,True,ours_and_threshold_recovery,rel,query,relO,,SparseVLM-Original-64 is wrong and Ours-64 is correct in a non-failure-mining benchmark case.,Candidate for manual Stage 7 inspection only; not a prevalence claim and not causal proof.
356,POPE_adversarial_265,pope,adversarial_265,COCO_val2014_000000454642.jpg,/kaggle/input/datasets/tvtttv/pope-thesis/POPE/val2014/COCO_val2014_000000454642.jpg,data/kaggle_datasets/POPE/val2014/COCO_val2014_000000454642.jpg,Is there a truck in the image?,yes,yes,no,yes,yes,True,True,True,True,ours_and_threshold_recovery,,,,adversarial,SparseVLM-Original-64 is wrong and Ours-64 is correct in a non-failure-mining benchmark case.,Candidate for manual Stage 7 inspection only; not a prevalence claim and not causal proof.
357,POPE_popular_265,pope,popular_265,COCO_val2014_000000454642.jpg,/kaggle/input/datasets/tvtttv/pope-thesis/POPE/val2014/COCO_val2014_000000454642.jpg,data/kaggle_datasets/POPE/val2014/COCO_val2014_000000454642.jpg,Is there a truck in the image?,yes,yes,no,yes,yes,True,True,True,True,ours_and_threshold_recovery,,,,popular,SparseVLM-Original-64 is wrong and Ours-64 is correct in a non-failure-mining benchmark case.,Candidate for manual Stage 7 inspection only; not a prevalence claim and not causal proof.
358,POPE_random_252,pope,random_252,COCO_val2014_000000454642.jpg,/kaggle/input/datasets/tvtttv/pope-thesis/POPE/val2014/COCO_val2014_000000454642.jpg,data/kaggle_datasets/POPE/val2014/COCO_val2014_000000454642.jpg,Is there a truck in the image?,yes,yes,no,yes,yes,True,True,True,True,ours_and_threshold_recovery,,,,random,SparseVLM-Original-64 is wrong and Ours-64 is correct in a non-failure-mining benchmark case.,Candidate for manual Stage 7 inspection only; not a prevalence claim and not causal proof.
359,GQA_00120235,gqa,00120235,2348644,/kaggle/input/datasets/tvtttv/gqa-thesis/GQA/images/2348644.jpg,data/kaggle_datasets/GQA/images/2348644.jpg,Are there any pillows or hearts in the picture?,yes,Yes,No,Yes,Yes,True,True,True,True,ours_and_threshold_recovery,obj,logical,existOr,,SparseVLM-Original-64 is wrong and Ours-64 is correct in a non-failure-mining benchmark case.,Candidate for manual Stage 7 inspection only; not a prevalence claim and not causal proof.
360,GQA_11199885,gqa,11199885,2412894,/kaggle/input/datasets/tvtttv/gqa-thesis/GQA/images/2412894.jpg,data/kaggle_datasets/GQA/images/2412894.jpg,"On which side of the image is the white device, the right or the left?",left,Left,Right,Left,Left,True,True,True,True,ours_and_threshold_recovery,attr,choose,positionChoose,,SparseVLM-Original-64 is wrong and Ours-64 is correct in a non-failure-mining benchmark case.,Candidate for manual Stage 7 inspection only; not a prevalence claim and not causal proof.
361,GQA_03267543,gqa,03267543,2374595,/kaggle/input/datasets/tvtttv/gqa-thesis/GQA/images/2374595.jpg,data/kaggle_datasets/GQA/images/2374595.jpg,What is the person to the right of the skis wearing?,jacket,Jacket,Pants,Jacket,Jacket,True,True,True,True,ours_and_threshold_recovery,rel,query,relO,,SparseVLM-Original-64 is wrong and Ours-64 is correct in a non-failure-mining benchmark case.,Candidate for manual Stage 7 inspection only; not a prevalence claim and not causal proof.
362,GQA_03337674,gqa,03337674,2377193,/kaggle/input/datasets/tvtttv/gqa-thesis/GQA/images/2377193.jpg,data/kaggle_datasets/GQA/images/2377193.jpg,Is there a chair around the table near the window?,yes,Yes,No,Yes,Yes,True,True,True,True,ours_and_threshold_recovery,rel,verify,existRelS,,SparseVLM-Original-64 is wrong and Ours-64 is correct in a non-failure-mining benchmark case.,Candidate for manual Stage 7 inspection only; not a prevalence claim and not causal proof.
363,GQA_13829670,gqa,13829670,2335859,/kaggle/input/datasets/tvtttv/gqa-thesis/GQA/images/2335859.jpg,data/kaggle_datasets/GQA/images/2335859.jpg,Which place is it?,highway,Highway,Road,Highway,Highway,True,True,True,True,ours_and_threshold_recovery,global,query,place,,SparseVLM-Original-64 is wrong and Ours-64 is correct in a non-failure-mining benchmark case.,Candidate for manual Stage 7 inspection only; not a prevalence claim and not causal proof.
364,GQA_13696927,gqa,13696927,2321676,/kaggle/input/datasets/tvtttv/gqa-thesis/GQA/images/2321676.jpg,data/kaggle_datasets/GQA/images/2321676.jpg,Do you see homes to the left of the people on the sidewalk?,yes,Yes,No,Yes,Yes,True,True,True,True,ours_and_threshold_recovery,rel,verify,existRelS,,SparseVLM-Original-64 is wrong and Ours-64 is correct in a non-failure-mining benchmark case.,Candidate for manual Stage 7 inspection only; not a prevalence claim and not causal proof.
365,GQA_09849254,gqa,09849254,2328193,/kaggle/input/datasets/tvtttv/gqa-thesis/GQA/images/2328193.jpg,data/kaggle_datasets/GQA/images/2328193.jpg,Is there either a helmet or a ball in the photo?,yes,Yes,No,Yes,Yes,True,True,True,True,ours_and_threshold_recovery,obj,logical,existOr,,SparseVLM-Original-64 is wrong and Ours-64 is correct in a non-failure-mining benchmark case.,Candidate for manual Stage 7 inspection only; not a prevalence claim and not causal proof.
366,POPE_random_76,pope,random_76,COCO_val2014_000000569839.jpg,/kaggle/input/datasets/tvtttv/pope-thesis/POPE/val2014/COCO_val2014_000000569839.jpg,data/kaggle_datasets/POPE/val2014/COCO_val2014_000000569839.jpg,Is there a tie in the image?,no,no,yes,no,no,True,True,True,True,ours_and_threshold_recovery,,,,random,SparseVLM-Original-64 is wrong and Ours-64 is correct in a non-failure-mining benchmark case.,Candidate for manual Stage 7 inspection only; not a prevalence claim and not causal proof.
367,GQA_08584810,gqa,08584810,2353038,/kaggle/input/datasets/tvtttv/gqa-thesis/GQA/images/2353038.jpg,data/kaggle_datasets/GQA/images/2353038.jpg,Are there both tablecloths and forks in the image?,no,Yes,Yes,No,No,False,True,True,True,ours_and_threshold_recovery,obj,logical,existAndC,,SparseVLM-Original-64 is wrong and Ours-64 is correct in a non-failure-mining benchmark case.,Candidate for manual Stage 7 inspection only; not a prevalence claim and not causal proof.
368,GQA_09188457,gqa,09188457,2382724,/kaggle/input/datasets/tvtttv/gqa-thesis/GQA/images/2382724.jpg,data/kaggle_datasets/GQA/images/2382724.jpg,What piece of furniture is black?,shelf,Table,Table,Shelf,Shelf,False,True,True,True,ours_and_threshold_recovery,cat,query,categoryThat,,SparseVLM-Original-64 is wrong and Ours-64 is correct in a non-failure-mining benchmark case.,Candidate for manual Stage 7 inspection only; not a prevalence claim and not causal proof.
369,GQA_115763,gqa,115763,2417558,/kaggle/input/datasets/tvtttv/gqa-thesis/GQA/images/2417558.jpg,data/kaggle_datasets/GQA/images/2417558.jpg,Are there any white bagels or breads?,yes,No,No,Yes,Yes,False,True,True,True,ours_and_threshold_recovery,obj,logical,existAttrOr,,SparseVLM-Original-64 is wrong and Ours-64 is correct in a non-failure-mining benchmark case.,Candidate for manual Stage 7 inspection only; not a prevalence claim and not causal proof.
370,GQA_02455976,gqa,02455976,2338551,/kaggle/input/datasets/tvtttv/gqa-thesis/GQA/images/2338551.jpg,data/kaggle_datasets/GQA/images/2338551.jpg,Is this a cup or a mug?,mug,Cup,Cup,Mug,Mug,False,True,True,True,ours_and_threshold_recovery,cat,choose,objThisChoose,,SparseVLM-Original-64 is wrong and Ours-64 is correct in a non-failure-mining benchmark case.,Candidate for manual Stage 7 inspection only; not a prevalence claim and not causal proof.
371,GQA_08897867,gqa,08897867,2382923,/kaggle/input/datasets/tvtttv/gqa-thesis/GQA/images/2382923.jpg,data/kaggle_datasets/GQA/images/2382923.jpg,Which color is the hat?,red,Blue,Black,Red,Red,False,True,True,True,ours_and_threshold_recovery,attr,query,directWhich,,SparseVLM-Original-64 is wrong and Ours-64 is correct in a non-failure-mining benchmark case.,Candidate for manual Stage 7 inspection only; not a prevalence claim and not causal proof.
372,GQA_101024806,gqa,101024806,2371845,/kaggle/input/datasets/tvtttv/gqa-thesis/GQA/images/2371845.jpg,data/kaggle_datasets/GQA/images/2371845.jpg,What kind of vegetable is in the salad with the onion?,tomato,Lettuce,Lettuce,Tomato,Tomato,False,True,True,True,ours_and_threshold_recovery,rel,query,categoryRelS,,SparseVLM-Original-64 is wrong and Ours-64 is correct in a non-failure-mining benchmark case.,Candidate for manual Stage 7 inspection only; not a prevalence claim and not causal proof.
373,GQA_12387531,gqa,12387531,1216,/kaggle/input/datasets/tvtttv/gqa-thesis/GQA/images/1216.jpg,data/kaggle_datasets/GQA/images/1216.jpg,Which side of the picture is the man on?,right,Left,Left,Right,Right,False,True,True,True,ours_and_threshold_recovery,attr,query,positionQuery,,SparseVLM-Original-64 is wrong and Ours-64 is correct in a non-failure-mining benchmark case.,Candidate for manual Stage 7 inspection only; not a prevalence claim and not causal proof.
374,GQA_06376614,gqa,06376614,2352530,/kaggle/input/datasets/tvtttv/gqa-thesis/GQA/images/2352530.jpg,data/kaggle_datasets/GQA/images/2352530.jpg,What color is the car in the middle?,yellow,Red,Red,Yellow,Yellow,False,True,True,True,ours_and_threshold_recovery,attr,query,directOf,,SparseVLM-Original-64 is wrong and Ours-64 is correct in a non-failure-mining benchmark case.,Candidate for manual Stage 7 inspection only; not a prevalence claim and not causal proof.
375,POPE_popular_196,pope,popular_196,COCO_val2014_000000526321.jpg,/kaggle/input/datasets/tvtttv/pope-thesis/POPE/val2014/COCO_val2014_000000526321.jpg,data/kaggle_datasets/POPE/val2014/COCO_val2014_000000526321.jpg,Is there a car in the image?,no,yes,yes,no,no,False,True,True,True,ours_and_threshold_recovery,,,,popular,SparseVLM-Original-64 is wrong and Ours-64 is correct in a non-failure-mining benchmark case.,Candidate for manual Stage 7 inspection only; not a prevalence claim and not causal proof.
376,GQA_00228677,gqa,00228677,2379350,/kaggle/input/datasets/tvtttv/gqa-thesis/GQA/images/2379350.jpg,data/kaggle_datasets/GQA/images/2379350.jpg,Is the tie red and short?,no,Yes,Yes,No,No,False,True,True,True,ours_and_threshold_recovery,attr,logical,verifyAttrsC,,SparseVLM-Original-64 is wrong and Ours-64 is correct in a non-failure-mining benchmark case.,Candidate for manual Stage 7 inspection only; not a prevalence claim and not causal proof.
377,GQA_05907205,gqa,05907205,4867,/kaggle/input/datasets/tvtttv/gqa-thesis/GQA/images/4867.jpg,data/kaggle_datasets/GQA/images/4867.jpg,What is the bowl on?,coffee table,Table,Table,Coffee table,Coffee table,False,True,True,True,ours_and_threshold_recovery,rel,query,relO,,SparseVLM-Original-64 is wrong and Ours-64 is correct in a non-failure-mining benchmark case.,Candidate for manual Stage 7 inspection only; not a prevalence claim and not causal proof.
378,GQA_16297893,gqa,16297893,2403341,/kaggle/input/datasets/tvtttv/gqa-thesis/GQA/images/2403341.jpg,data/kaggle_datasets/GQA/images/2403341.jpg,What is the dog doing?,walking,Running,Running,Walking,Walking,False,True,True,True,ours_and_threshold_recovery,attr,query,activity,,SparseVLM-Original-64 is wrong and Ours-64 is correct in a non-failure-mining benchmark case.,Candidate for manual Stage 7 inspection only; not a prevalence claim and not causal proof.
379,GQA_11614700,gqa,11614700,2385952,/kaggle/input/datasets/tvtttv/gqa-thesis/GQA/images/2385952.jpg,data/kaggle_datasets/GQA/images/2385952.jpg,Which color is the shirt the guy is in?,white,Green,Red,White,White,False,True,True,True,ours_and_threshold_recovery,attr,query,directWhich,,SparseVLM-Original-64 is wrong and Ours-64 is correct in a non-failure-mining benchmark case.,Candidate for manual Stage 7 inspection only; not a prevalence claim and not causal proof.
380,GQA_03587398,gqa,03587398,2389922,/kaggle/input/datasets/tvtttv/gqa-thesis/GQA/images/2389922.jpg,data/kaggle_datasets/GQA/images/2389922.jpg,Which color does the necklace have?,gold,Silver,Silver,Gold,Gold,False,True,True,True,ours_and_threshold_recovery,attr,query,directWhich,,SparseVLM-Original-64 is wrong and Ours-64 is correct in a non-failure-mining benchmark case.,Candidate for manual Stage 7 inspection only; not a prevalence claim and not causal proof.
381,GQA_18640928,gqa,18640928,2347772,/kaggle/input/datasets/tvtttv/gqa-thesis/GQA/images/2347772.jpg,data/kaggle_datasets/GQA/images/2347772.jpg,The shark is where?,water,Pond,Swimming pool,Water,Water,False,True,True,True,ours_and_threshold_recovery,rel,query,relO,,SparseVLM-Original-64 is wrong and Ours-64 is correct in a non-failure-mining benchmark case.,Candidate for manual Stage 7 inspection only; not a prevalence claim and not causal proof.
382,GQA_16581425,gqa,16581425,2354077,/kaggle/input/datasets/tvtttv/gqa-thesis/GQA/images/2354077.jpg,data/kaggle_datasets/GQA/images/2354077.jpg,Are there pillows or books?,yes,No,No,Yes,Yes,False,True,True,True,ours_and_threshold_recovery,obj,logical,existOr,,SparseVLM-Original-64 is wrong and Ours-64 is correct in a non-failure-mining benchmark case.,Candidate for manual Stage 7 inspection only; not a prevalence claim and not causal proof.
383,GQA_04605354,gqa,04605354,2344801,/kaggle/input/datasets/tvtttv/gqa-thesis/GQA/images/2344801.jpg,data/kaggle_datasets/GQA/images/2344801.jpg,What kind of clothing isn't black?,cap,Hat,Hat,Cap,Cap,False,True,True,True,ours_and_threshold_recovery,cat,query,categoryThat,,SparseVLM-Original-64 is wrong and Ours-64 is correct in a non-failure-mining benchmark case.,Candidate for manual Stage 7 inspection only; not a prevalence claim and not causal proof.
384,GQA_13832410,gqa,13832410,2401298,/kaggle/input/datasets/tvtttv/gqa-thesis/GQA/images/2401298.jpg,data/kaggle_datasets/GQA/images/2401298.jpg,Of which color is the luggage near the stone?,blue,Black,Brown,Blue,Blue,False,True,True,True,ours_and_threshold_recovery,attr,query,directWhich,,SparseVLM-Original-64 is wrong and Ours-64 is correct in a non-failure-mining benchmark case.,Candidate for manual Stage 7 inspection only; not a prevalence claim and not causal proof.
385,GQA_0286487,gqa,0286487,174,/kaggle/input/datasets/tvtttv/gqa-thesis/GQA/images/174.jpg,data/kaggle_datasets/GQA/images/174.jpg,Is the bed to the left of the closet small and colorful?,no,Yes,Yes,No,No,False,True,True,True,ours_and_threshold_recovery,attr,logical,verifyAttrsC,,SparseVLM-Original-64 is wrong and Ours-64 is correct in a non-failure-mining benchmark case.,Candidate for manual Stage 7 inspection only; not a prevalence claim and not causal proof.
386,GQA_03466056,gqa,03466056,2322244,/kaggle/input/datasets/tvtttv/gqa-thesis/GQA/images/2322244.jpg,data/kaggle_datasets/GQA/images/2322244.jpg,Do the counter top and the t-shirt have a different colors?,yes,No,No,Yes,Yes,False,True,True,True,ours_and_threshold_recovery,attr,compare,twoDifferent,,SparseVLM-Original-64 is wrong and Ours-64 is correct in a non-failure-mining benchmark case.,Candidate for manual Stage 7 inspection only; not a prevalence claim and not causal proof.
387,GQA_06997529,gqa,06997529,2352324,/kaggle/input/datasets/tvtttv/gqa-thesis/GQA/images/2352324.jpg,data/kaggle_datasets/GQA/images/2352324.jpg,What's on the floor?,couch,Carpet,Carpet,Couch,Couch,False,True,True,True,ours_and_threshold_recovery,rel,query,relS,,SparseVLM-Original-64 is wrong and Ours-64 is correct in a non-failure-mining benchmark case.,Candidate for manual Stage 7 inspection only; not a prevalence claim and not causal proof.
388,GQA_09488406,gqa,09488406,2359158,/kaggle/input/datasets/tvtttv/gqa-thesis/GQA/images/2359158.jpg,data/kaggle_datasets/GQA/images/2359158.jpg,What color is the shirt the girl is wearing?,white,Orange,Orange,White,White,False,True,True,True,ours_and_threshold_recovery,attr,query,directOf,,SparseVLM-Original-64 is wrong and Ours-64 is correct in a non-failure-mining benchmark case.,Candidate for manual Stage 7 inspection only; not a prevalence claim and not causal proof.
389,GQA_14153842,gqa,14153842,2347683,/kaggle/input/datasets/tvtttv/gqa-thesis/GQA/images/2347683.jpg,data/kaggle_datasets/GQA/images/2347683.jpg,What kind of furniture is to the right of the cup?,chair,Couch,Couch,Chair,Chair,False,True,True,True,ours_and_threshold_recovery,rel,query,categoryRelS,,SparseVLM-Original-64 is wrong and Ours-64 is correct in a non-failure-mining benchmark case.,Candidate for manual Stage 7 inspection only; not a prevalence claim and not causal proof.
390,GQA_04354695,gqa,04354695,2343232,/kaggle/input/datasets/tvtttv/gqa-thesis/GQA/images/2343232.jpg,data/kaggle_datasets/GQA/images/2343232.jpg,Do the surfboard and the sky have the same color?,no,Yes,Yes,No,No,False,True,True,True,ours_and_threshold_recovery,attr,compare,twoSameC,,SparseVLM-Original-64 is wrong and Ours-64 is correct in a non-failure-mining benchmark case.,Candidate for manual Stage 7 inspection only; not a prevalence claim and not causal proof.
391,POPE_adversarial_68,pope,adversarial_68,COCO_val2014_000000353180.jpg,/kaggle/input/datasets/tvtttv/pope-thesis/POPE/val2014/COCO_val2014_000000353180.jpg,data/kaggle_datasets/POPE/val2014/COCO_val2014_000000353180.jpg,Is there a handbag in the image?,no,yes,yes,no,no,False,True,True,True,ours_and_threshold_recovery,,,,adversarial,SparseVLM-Original-64 is wrong and Ours-64 is correct in a non-failure-mining benchmark case.,Candidate for manual Stage 7 inspection only; not a prevalence claim and not causal proof.
392,GQA_0718158,gqa,0718158,2396593,/kaggle/input/datasets/tvtttv/gqa-thesis/GQA/images/2396593.jpg,data/kaggle_datasets/GQA/images/2396593.jpg,What is covered by the trees?,swimming pool,Hill,Ground,Swimming pool,Swimming pool,False,True,True,True,ours_and_threshold_recovery,rel,query,relS,,SparseVLM-Original-64 is wrong and Ours-64 is correct in a non-failure-mining benchmark case.,Candidate for manual Stage 7 inspection only; not a prevalence claim and not causal proof.
393,GQA_12425183,gqa,12425183,2414948,/kaggle/input/datasets/tvtttv/gqa-thesis/GQA/images/2414948.jpg,data/kaggle_datasets/GQA/images/2414948.jpg,Is the blanket made of silk orange or green?,green,Orange,Orange,Green,Green,False,True,True,True,ours_and_threshold_recovery,attr,choose,chooseAttr,,SparseVLM-Original-64 is wrong and Ours-64 is correct in a non-failure-mining benchmark case.,Candidate for manual Stage 7 inspection only; not a prevalence claim and not causal proof.
394,GQA_14823532,gqa,14823532,2415340,/kaggle/input/datasets/tvtttv/gqa-thesis/GQA/images/2415340.jpg,data/kaggle_datasets/GQA/images/2415340.jpg,Is the policeman to the right or to the left of the horse the person is on?,right,Left,Left,Right,Right,False,True,True,True,ours_and_threshold_recovery,rel,choose,relChooser,,SparseVLM-Original-64 is wrong and Ours-64 is correct in a non-failure-mining benchmark case.,Candidate for manual Stage 7 inspection only; not a prevalence claim and not causal proof.
395,GQA_15133656,gqa,15133656,2324597,/kaggle/input/datasets/tvtttv/gqa-thesis/GQA/images/2324597.jpg,data/kaggle_datasets/GQA/images/2324597.jpg,Is the boy on the left side?,yes,No,No,Yes,Yes,False,True,True,True,ours_and_threshold_recovery,attr,verify,positionVerify,,SparseVLM-Original-64 is wrong and Ours-64 is correct in a non-failure-mining benchmark case.,Candidate for manual Stage 7 inspection only; not a prevalence claim and not causal proof.
396,GQA_17750764,gqa,17750764,2366401,/kaggle/input/datasets/tvtttv/gqa-thesis/GQA/images/2366401.jpg,data/kaggle_datasets/GQA/images/2366401.jpg,What do you think is on the shelf in the middle?,bottles,Pot,Dishes,Bottles,Bottles,False,True,True,True,ours_and_threshold_recovery,rel,query,relS,,SparseVLM-Original-64 is wrong and Ours-64 is correct in a non-failure-mining benchmark case.,Candidate for manual Stage 7 inspection only; not a prevalence claim and not causal proof.
